Symbol,Name,Cap
AAPL,Apple Inc.,691
XOM,Exxon Mobil Corporation,390
GOOGL,Google Inc.,361
GOOG,Google Inc.,359
MSFT,Microsoft Corporation,341
JNJ,Johnson & Johnson,286
WMT,"Wal-Mart Stores, Inc.",277
WFC,Wells Fargo & Company,277
GE,General Electric Company,245
NVS,Novartis AG,233
BABA,Alibaba Group Holding Limited,225
JPM,J P Morgan Chase & Co,212
FB,"Facebook, Inc.",211
PTR,PetroChina Company Limited,209
CVX,Chevron Corporation,207
TM,Toyota Motor Corp Ltd Ord,207
BUD,Anheuser-Busch Inbev SA,201
PFE,"Pfizer, Inc.",201
VZ,Verizon Communications Inc.,198
V,Visa Inc.,196
ORCL,Oracle Corporation,189
KO,Coca-Cola Company (The),182
HSBC,HSBC Holdings plc,179
T,AT&T Inc.,178
MRK,"Merck & Company, Inc.",173
AMZN,"Amazon.com, Inc.",168
BAC,Bank of America Corporation,167
INTC,Intel Corporation,162
GILD,"Gilead Sciences, Inc.",161
DIS,Walt Disney Company (The),159
IBM,International Business Machines Corporation,156
C,Citigroup Inc.,148
CMCSA,Comcast Corporation,143
PEP,"Pepsico, Inc.",143
CMCSK,Comcast Corporation,142
HD,"Home Depot, Inc. (The)",141
CSCO,"Cisco Systems, Inc.",138
BHP,BHP Billiton Limited,132
UL,Unilever PLC,132
UN,Unilever NV,130
PM,Philip Morris International Inc,127
BBL,BHP Billiton plc,126
TOT,"TotalFinaElf, S.A.",126
BP,BP p.l.c.,125
NVO,Novo Nordisk A/S,123
SNY,Sanofi,123
TSM,Taiwan Semiconductor Manufacturing Company Ltd.,120
AMGN,Amgen Inc.,115
LFC,China Life Insurance Company Limited,115
CVS,CVS Health Corporation,114
SLB,Schlumberger N.V.,111
QCOM,QUALCOMM Incorporated,110
UNP,Union Pacific Corporation,108
UTX,United Technologies Corporation,108
MO,Altria Group,107
GSK,GlaxoSmithKline PLC,106
BA,Boeing Company (The),105
UNH,UnitedHealth Group Incorporated,103
ABEV,Ambev S.A.,102
BMY,Bristol-Myers Squibb Company,99
ABBV,AbbVie Inc.,98
VOD,Vodafone Group Plc,95
SNP,China Petroleum & Chemical Corporation,95
CELG,Celgene Corporation,93
BIIB,Biogen Idec Inc.,93
MCD,McDonald&#39;s Corporation,91
UPS,"United Parcel Service, Inc.",91
AZN,Astrazeneca PLC,89
KMI,"Kinder Morgan, Inc.",88
RIO,Rio Tinto Plc,87
RY,Royal Bank Of Canada,87
WBK,Westpac Banking Corporation,87
AXP,American Express Company,86
SAN,"Banco Santander, S.A.",85
COP,ConocoPhillips,83
LYG,Lloyds Banking Group Plc,81
SAP,SAP SE,81
NKE,"Nike, Inc.",80
HON,Honeywell International Inc.,79
LLY,Eli Lilly and Company,78
GS,"Goldman Sachs Group, Inc. (The)",78
TD,Toronto Dominion Bank (The),78
USB,U.S. Bancorp,77
BIDU,"Baidu, Inc.",76
K,Kellogg Company,76
MTU,Mitsubishi UFJ Financial Group Inc,76
AMOV,"America Movil, S.A.B. de C.V.",75
AMX,"America Movil, S.A.B. de C.V.",75
DEO,Diageo plc,73
MDT,"Medtronic, Inc.",73
FOX,"Twenty-First Century Fox, Inc.",71
ACT,"Actavis, Inc.",71
AIG,"American International Group, Inc.",71
WBA,"Walgreens Boots Alliance, Inc.",70
ABT,Abbott Laboratories,69
HPQ,Hewlett-Packard Company,69
ITUB,Itau Unibanco Banco Holding SA,69
TEF,Telefonica SA,69
EPD,Enterprise Products Partners L.P.,68
MS,Morgan Stanley,68
COST,Costco Wholesale Corporation,67
EBAY,eBay Inc.,67
LOW,"Lowe&#39;s Companies, Inc.",67
TWX,Time Warner Inc.,67
SBUX,Starbucks Corporation,66
DD,E.I. du Pont de Nemours and Company,66
NTT,Nippon Telegraph and Telephone Corporation,66
DCM,"NTT DOCOMO, Inc",66
AGN,"Allergan, Inc.",65
E,ENI S.p.A.,65
RBS,Royal Bank Scotland plc (The),65
PUK,Prudential Public Limited Company,64
CL,Colgate-Palmolive Company,63
OXY,Occidental Petroleum Corporation,63
UBS,UBS AG,63
BNS,Bank of Nova Scotia (The),62
BCS,Barclays PLC,62
SPG,"Simon Property Group, Inc.",62
DUK,Duke Energy Corporation,61
MDLZ,"Mondelez International, Inc.",60
ESRX,Express Scripts Holding Company,60
F,Ford Motor Company,60
LMT,Lockheed Martin Corporation,60
STO,Statoil ASA,60
DHR,Danaher Corporation,59
BLK,"BlackRock, Inc.",58
MON,Monsanto Company,58
TXN,Texas Instruments Incorporated,57
ACN,Accenture plc.,57
CNI,Canadian National Railway Company,56
HMC,"Honda Motor Company, Ltd.",56
BBD,Banco Bradesco Sa,55
DOW,Dow Chemical Company (The),55
MET,"MetLife, Inc.",55
PCLN,The Priceline Group Inc. ,54
EMC,EMC Corporation,54
GM,General Motors Company,54
BBVA,Banco Bilbao Viscaya Argentaria S.A.,53
NGG,"National Grid Transco, PLC",53
VRX,"Valeant Pharmaceuticals International, Inc.",53
BT,BT Group plc,52
EOG,"EOG Resources, Inc.",52
BBDO,Banco Bradesco Sa,50
CAT,"Caterpillar, Inc.",50
ING,"ING Group, N.V.",50
TMO,Thermo Fisher Scientific Inc,50
FDX,FedEx Corporation,49
CHA,China Telecom Corp Ltd,49
MCK,McKesson Corporation,49
NEE,"NextEra Energy, Inc.",48
ORAN,Orange,48
TGT,Target Corporation,48
TEVA,Teva Pharmaceutical Industries Limited,48
PBR,Petroleo Brasileiro S.A.- Petrobras,47
FOXA,"Twenty-First Century Fox, Inc.",46
EXCU,Exelon Corporation,46
GD,General Dynamics Corporation,46
LVS,Las Vegas Sands Corp.,46
PNC,"PNC Financial Services Group, Inc. (The)",46
SMFG,Sumitomo Mitsui Financial Group Inc,46
SU,Suncor Energy  Inc.,46
TJX,"TJX Companies, Inc. (The)",46
ASML,ASML Holding N.V.,45
SHPG,Shire plc,45
ABB,ABB Ltd,45
D,"Dominion Resources, Inc.",45
HDB,HDFC Bank Limited,45
SO,Southern Company (The),45
DTV,DIRECTV,43
APC,Anadarko Petroleum Corporation,43
DB,Deutsche Bank AG,43
ENB,Enbridge Inc,43
LYB,LyondellBasell Industries NV,43
YHOO,Yahoo! Inc.,42
BK,Bank Of New York Mellon Corporation (The),42
NVR,"NVR, Inc.",42
REGN,"Regeneron Pharmaceuticals, Inc.",41
ADP,"Automatic Data Processing, Inc.",41
COF,Capital One Financial Corporation,41
EMR,Emerson Electric Company,41
KMB,Kimberly-Clark Corporation,41
PSX,Phillips 66,41
TPL,Texas Pacific Land Trust,41
ERIC,Ericsson,40
VALE,VALE S.A.,40
KRFT,"Kraft Foods Group, Inc.",39
AMT,American Tower Corporation (REIT),39
BMO,Bank Of Montreal,39
BCE,"BCE, Inc.",39
INFY,Infosys Limited,39
MFG,"Mizuho Financial Group, Inc.",39
LBTYA,Liberty Global plc,38
BAX,Baxter International Inc.,38
DAL,"Delta Air Lines, Inc.",38
LBTYB,Liberty Global plc,37
QQQ,"PowerShares QQQ Trust, Series 1",37
CHU,China Unicom (Hong Kong) Ltd,37
ITW,Illinois Tool Works Inc.,37
RAI,Reynolds American Inc,37
LBTYK,Liberty Global plc,36
ACE,Ace Limited,36
ANTM,"Anthem, Inc.",36
BSBR,Banco Santander Brasil SA,36
HAL,Halliburton Company,36
PRU,"Prudential Financial, Inc.",36
CRM,Salesforce.com Inc,36
SCHW,The Charles Schwab Corporation,36
JD,"JD.com, Inc.",35
ADBE,Adobe Systems Incorporated,35
ALXN,"Alexion Pharmaceuticals, Inc.",35
CCL,Carnival Corporation,35
CUK,Carnival Corporation,35
CS,Credit Suisse Group,35
PX,"Praxair, Inc.",35
PSA,Public Storage,35
SYK,Stryker Corporation,35
TRV,"The Travelers Companies, Inc.",35
AAL,"American Airlines Group, Inc.",34
CNQ,Canadian Natural Resources Limited,34
CAJ,"Canon, Inc.",34
CSX,CSX Corporation,34
KR,Kroger Company (The),34
VMW,"Vmware, Inc.",34
WMB,"Williams Companies, Inc. (The)",34
CTSH,Cognizant Technology Solutions Corporation,33
AET,Aetna Inc.,33
ETN,"Eaton Corporation, PLC",33
BEN,"Franklin Resources, Inc.",33
IBN,ICICI Bank Limited,33
MFC,Manulife Financial Corp,33
NSC,Norfolk Souther Corporation,33
TRP,TransCanada Corporation,33
BAM,Brookfield Asset Management Inc,32
GIS,"General Mills, Inc.",32
NOC,Northrop Grumman Corporation,32
RTN,Raytheon Company,32
WIT,Wipro Limited,32
YUM,"Yum! Brands, Inc.",32
MU,"Micron Technology, Inc.",31
APD,"Air Products and Chemicals, Inc.",31
ADM,Archer-Daniels-Midland Company,31
GLW,Corning Incorporated,31
DCUC,"Dominion Resources, Inc.",31
ECL,Ecolab Inc.,31
ETE,"Energy Transfer Equity, L.P.",31
EXC,Exelon Corporation,31
JCI,"Johnson Controls, Inc.",31
PPG,"PPG Industries, Inc.",31
STT,State Street Corporation,31
TRI,Thomson Reuters Corp,31
ALL,Allstate Corporation (The),30
AEP,"American Electric Power Company, Inc.",30
CP,Canadian Pacific Railway Limited,30
DE,Deere & Company,30
FMX,Fomento Economico Mexicano S.A.B. de C.V.,30
HCA,"HCA Holdings, Inc.",30
POT,Potash Corporation of Saskatchewan Inc.,30
SYT,Syngenta AG,30
VFC,V.F. Corporation,30
WPPGY,WPP plc,29
CME,CME Group Inc.,29
CM,Canadian Imperial Bank of Commerce,29
CBS,CBS Corporation,29
CCI,Crown Castle International Corporation,29
KKR,KKR & Co. L.P.,29
MMC,"Marsh & McLennan Companies, Inc.",29
PCP,Precision Castparts Corporation,29
LUV,Southwest Airlines Company,29
AMAT,"Applied Materials, Inc.",28
CI,Cigna Corporation,28
EQR,Equity Residential,28
LNKD,LinkedIn Corporation,28
LUX,"Luxottica Group, S.p.A.",28
NOK,Nokia Corporation,28
SRE,Sempra Energy,28
VLO,Valero Energy Corporation,28
NFLX,"Netflix, Inc.",27
ILMN,"Illumina, Inc.",27
TSLA,"Tesla Motors, Inc.",27
BDX,"Becton, Dickinson and Company",27
CAH,"Cardinal Health, Inc.",27
EL,"Estee Lauder Companies, Inc. (The)",27
PCG,Pacific Gas & Electric Co.,27
SSL,Sasol Ltd.,27
AVGO,Avago Technologies Limited,26
VRTX,Vertex Pharmaceuticals Incorporated,26
AFL,Aflac Incorporated,26
AON,Aon plc,26
BHI,Baker Hughes Incorporated,26
BBT,BB&T Corporation,26
CMI,Cummins Inc.,26
DVN,Devon Energy Corporation,26
GGP,"General Growth Properties, Inc.",26
HCN,"Health Care REIT, Inc.",26
HLT,Hilton Worldwide Holdings Inc.,26
PHG,Koninklijke Philips N.V.,26
SHW,Sherwin-Williams Company (The),26
SNE,Sony Corp Ord,26
TTM,Tata Motors Ltd,26
INTU,Intuit Inc.,25
BRCM,Broadcom Corporation,25
APA,Apache Corporation,25
DFS,Discover Financial Services,25
LB,"L Brands, Inc.",25
MHFI,"McGraw Hill Financial, Inc.",25
SYF,Synchrony Financial,25
TWTR,"Twitter, Inc.",25
UAL,"United Continental Holdings, Inc.",25
AMP,"AMERIPRISE FINANCIAL SERVICES, INC.",24
AV,Aviva plc,24
KEP,Korea Electric Power Corporation,24
PPL,PPL Corporation,24
TMUS,"T-Mobile US, Inc.",24
VIAB,Viacom Inc.,23
WDC,Western Digital Corporation,23
CB,Chubb Corporation (The),23
CHT,"Chunghwa Telecom Co., Ltd.",23
HSY,Hershey Company (The),23
ICE,Intercontinental Exchange Inc.,23
LO,"Lorillard, Inc",23
NOV,"National Oilwell Varco, Inc.",23
PXD,Pioneer Natural Resources Company,23
SCCO,Southern Copper Corporation,23
SE,Spectra Energy Corp,23
SYY,Sysco Corporation,23
VTR,"Ventas, Inc.",23
WM,"Waste Management, Inc.",23
CERN,Cerner Corporation,22
ARMH,ARM Holdings plc,22
PCAR,PACCAR Inc.,22
AVB,"AvalonBay Communities, Inc.",22
CTL,"CenturyLink, Inc.",22
CMG,"Chipotle Mexican Grill, Inc.",22
EIX,Edison International,22
FCAU,Fiat Chrysler Automobiles N.V.,22
FMS,Fresenius Medical Care Corporation,22
HUM,Humana Inc.,22
IP,International Paper Company,22
M,Macy&#39;s Inc,22
PLD,"ProLogis, Inc.",22
TLK,"PT Telekomunikasi Indonesia, Tbk",22
SNN,"Smith & Nephew SNATS, Inc.",22
TI,Telecom Italia S.P.A.,22
MAR,Marriott International,21
TROW,"T. Rowe Price Group, Inc.",21
ABC,AmerisourceBergen Corporation (Holding Co),21
BXP,"Boston Properties, Inc.",21
STZ,Constellation Brands Inc,21
DLPH,Delphi Automotive plc,21
ETP,ENERGY TRANSFER PARTNERS,21
HCP,"HCP, Inc.",21
HES,Hess Corporation,21
PRGO,Perrigo Company,21
PEG,Public Service Enterprise Group Incorporated,21
VIV,Telefonica Brasil S.A.,21
TU,TELUS Corporation,21
VNO,Vornado Realty Trust,21
ZTS,Zoetis Inc.,21
SIRI,Sirius XM Holdings Inc.,20
GMCR,"Keurig Green Mountain, Inc.",20
MYL,Mylan Inc.,20
BRFS,BRF S.A.,20
ED,Consolidated Edison Inc,20
DG,Dollar General Corporation,20
BTO,John Hancock Financial Opportunities Fund,20
MGA,"Magna International, Inc.",20
MJN,Mead Johnson Nutrition Company,20
PKX,POSCO,20
RUK,Reed Elsevier PLC,20
SLF,Sun Life Financial Inc.,20
STI,"SunTrust Banks, Inc.",20
ROST,"Ross Stores, Inc.",19
ORLY,"O&#39;Reilly Automotive, Inc.",19
MNST,Monster Beverage Corporation,19
STX,Seagate Technology.,19
MLNK,"ModusLink Global Solutions, Inc",19
WFM,"Whole Foods Market, Inc.",19
AA,Alcoa Inc.,19
AZO,"AutoZone, Inc.",19
BSX,Boston Scientific Corporation,19
CRH,CRH PLC,19
FCX,"Freeport-McMoran, Inc.",19
GG,Goldcorp Inc.,19
TV,Grupo Televisa S.A.,19
HNP,"Huaneng Power International, Inc.",19
MRO,Marathon Oil Corporation,19
MCO,Moody&#39;s Corporation,19
NMR,Nomura Holdings Inc ADR,19
PAA,"Plains All American Pipeline, L.P.",19
SHG,Shinhan Financial Group Co Ltd,19
STJ,"St. Jude Medical, Inc.",19
XEL,Xcel Energy Inc.,19
ZMH,"Zimmer Holdings, Inc.",19
NXPI,NXP Semiconductors N.V.,18
ISRG,"Intuitive Surgical, Inc.",18
FISV,"Fiserv, Inc.",18
AEG,Aegon NV,18
FIS,"Fidelity National Information Services, Inc.",18
MMP,Magellan Midstream Partners L.P.,18
MOS,Mosaic Company (The),18
NJ,Nidec Corporation (Nihon Densan Kabushiki Kaisha),18
NBL,Noble Energy Inc.,18
OMC,Omnicom Group Inc.,18
PH,Parker-Hannifin Corporation,18
SKM,"SK Telecom Co., Ltd.",18
AMTD,TD Ameritrade Holding Corporation,18
TS,Tenaris S.A.,18
WY,Weyerhaeuser Company,18
RYAAY,Ryanair Holdings plc,17
SYMC,Symantec Corporation,17
SNDK,SanDisk Corporation,17
CHTR,"Charter Communications, Inc.",17
PAYX,"Paychex, Inc.",17
ADS,Alliance Data Systems Corporation,17
MT,ArcelorMittal,17
KOF,Coca Cola Femsa S.A.B. de C.V.,17
FE,FirstEnergy Corporation,17
GPS,"Gap, Inc. (The)",17
HIG,"Hartford Financial Services Group, Inc. (The)",17
HST,"Host Hotels & Resorts, Inc.",17
IR,Ingersoll-Rand plc (Ireland),17
LVLT,"Level 3 Communications, Inc.",17
NU,Northeast Utilities,17
RCL,Royal Caribbean Cruises Ltd.,17
S,Sprint Corporation,17
TYC,Tyco International plc,17
EA,Electronic Arts Inc.,16
ADI,"Analog Devices, Inc.",16
DISH,DISH Network Corporation,16
SIAL,Sigma-Aldrich Corporation,16
NTRS,Northern Trust Corporation,16
APH,Amphenol Corporation,16
DVA,DaVita healthCare Partners Inc.,16
EEP,"Enbridge Energy, L.P.",16
ETR,Entergy Corporation,16
G,Genpact Limited,16
IVZ,Invesco Plc,16
KYO,Kyocera Corporation,16
NLSN,Nielsen N.V.,16
PSO,"Pearson, Plc",16
SEP,"Spectra Energy Partners, LP",16
GWW,"W.W. Grainger, Inc.",16
SWKS,"Skyworks Solutions, Inc.",15
WYNN,"Wynn Resorts, Limited",15
ATVI,"Activision Blizzard, Inc",15
DLTR,"Dollar Tree, Inc.",15
SBAC,SBA Communications Corporation,15
FITB,Fifth Third Bancorp,15
AGU,Agrium Inc.,15
CVE,Cenovus Energy Inc,15
CAG,"ConAgra Foods, Inc.",15
DPS,"Dr Pepper Snapple Group, Inc",15
DTE,DTE Energy Company,15
ENI,Enersis S A,15
BSMX,Grupo Financiero Santander Mexico S.A. B. de C.V.,15
L,Loews Corporation,15
MTB,M&T Bank Corporation,15
MSI,"Motorola Solutions, Inc.",15
JWN,"Nordstrom, Inc.",15
PGR,Progressive Corporation (The),15
ROK,"Rockwell Automation, Inc.",15
ROP,"Roper Industries, Inc.",15
SWK,"Stanley Black & Decker, Inc.",15
UA,"Under Armour, Inc.",15
WHR,Whirlpool Corporation,15
WDAY,"Workday, Inc.",15
XRX,Xerox Corporation,15
NTES,"NetEase, Inc.",14
CHKP,Check Point Software Technologies Ltd.,14
BBBY,Bed Bath & Beyond Inc.,14
MPEL,Melco Crown Entertainment Limited,14
ABX,Barrick Gold Corporation,14
CPB,Campbell Soup Company,14
CF,"CF Industries Holdings, Inc.",14
ESS,"Essex Property Trust, Inc.",14
GPC,Genuine Parts Company,14
JAH,Jarden Corporation,14
KORS,Michael Kors Holdings Limited,14
NI,"NiSource, Inc",14
NUE,Nucor Corporation,14
IX,Orix Corp Ads,14
PHI,Philippine Long Distance Telephone Company,14
PFG,Principal Financial Group Inc,14
RL,Ralph Lauren Corporation,14
RSG,"Republic Services, Inc.",14
RCI,"Rogers Communication, Inc.",14
TSN,"Tyson Foods, Inc.",14
CA,CA Inc.,13
DISCB,"Discovery Communications, Inc.",13
BMRN,BioMarin Pharmaceutical Inc.,13
FAST,Fastenal Company,13
QVCA,Liberty Interactive Corporation,13
QVCB,Liberty Interactive Corporation,13
DISCA,"Discovery Communications, Inc.",13
A,"Agilent Technologies, Inc.",13
BG,Bunge Limited,13
KMX,CarMax Inc,13
CHK,Chesapeake Energy Corporation,13
CFG,"Citizens Financial Group, Inc.",13
CLX,Clorox Company (The),13
CXO,Concho Resources Inc.,13
EW,Edwards Lifesciences Corporation,13
HOG,"Harley-Davidson, Inc.",13
HRL,Hormel Foods Corporation,13
KB,KB Financial Group Inc,13
LNC,Lincoln National Corporation,13
PG,Procter & Gamble Company (The),13
HOT,"Starwood Hotels & Resorts Worldwide, Inc.",13
EMD,"Western Asset Emerging Markets Income Fund, Inc",13
WGP,"Western Gas Equity Partners, LP",13
LMCB,Liberty Media Corporation,12
INCY,Incyte Corporation,12
ADSK,"Autodesk, Inc.",12
DISCK,"Discovery Communications, Inc.",12
LRCX,Lam Research Corporation,12
LMCK,Liberty Media Corporation,12
NTAP,"NetApp, Inc.",12
ENDP,Endo International plc,12
LMCA,Liberty Media Corporation,12
PCYC,"Pharmacyclics, Inc.",12
SPLS,"Staples, Inc.",12
AME,"AMTEK, Inc.",12
BBY,"Best Buy Co., Inc.",12
BWA,BorgWarner Inc.,12
BCR,"C.R. Bard, Inc.",12
CFN,CareFusion Corporation,12
BAP,Credicorp Ltd.,12
DOV,Dover Corporation,12
EOC,Empresa Nacional de Electricidad S.A.,12
FLT,"FleetCor Technologies, Inc.",12
KSU,Kansas City Southern,12
KSS,Kohl&#39;s Corporation,12
MAC,Macerich Company (The),12
MNK,Mallinckrodt plc,12
MHK,"Mohawk Industries, Inc.",12
TAP,Molson Coors Brewing  Company,12
NEM,Newmont Mining Corporation,12
PNR,Pentair plc.,12
RF,Regions Financial Corporation,12
SLG,SL Green Realty Corporation,12
TEL,TE Connectivity Ltd.,12
TKC,Turkcell Iletisim Hizmetleri AS,12
VIPS,Vipshop Holdings Limited,12
WEC,Wisconsin Energy Corporation,12
EQIX,"Equinix, Inc.",11
GRFS,"Grifols, S.A.",11
IEP,Icahn Enterprises L.P.,11
HSIC,"Henry Schein, Inc.",11
TSCO,Tractor Supply Company,11
SRCL,"Stericycle, Inc.",11
EXPE,"Expedia, Inc.",11
HAIN,"The Hain Celestial Group, Inc.",11
CHRW,"C.H. Robinson Worldwide, Inc.",11
AAP,Advance Auto Parts Inc,11
AMG,"Affiliated Managers Group, Inc.",11
AEE,Ameren Corporation,11
COG,Cabot Oil & Gas Corporation,11
CBG,"CBRE Group, Inc.",11
CX,Cemex S.A.B. de C.V.,11
GIB,"CGI Group, Inc.",11
CHD,"Church & Dwight Company, Inc.",11
CPG,Crescent Point Energy Corporation,11
EQT,EQT Corporation,11
HBI,Hanesbrands Inc.,11
KEY,KeyCorp,11
KIM,Kimco Realty Corporation,11
LPL,"LG Display Co., Ltd.",11
MWE,"MarkWest Energy Partners, LP",11
OKS,"ONEOK Partners, L.P.",11
PBA,Pembina Pipeline Corp.,11
O,Realty Income Corporation,11
RHT,"Red Hat, Inc.",11
COL,"Rockwell Collins, Inc.",11
TXT,Textron Inc.,11
TIF,Tiffany & Co.,11
TRW,TRW Automotive Holdings Corporation,11
UGP,Ultrapar Participacoes S.A.,11
WPZ,Williams Partners LP,11
ST,Sensata Technologies Holding N.V.,10
LLTC,Linear Technology Corporation,10
NVDA,NVIDIA Corporation,10
VRSK,"Verisk Analytics, Inc.",10
AKAM,"Akamai Technologies, Inc.",10
CTRX,Catamaran Corporation,10
ALTR,Altera Corporation,10
KLAC,KLA-Tencor Corporation,10
XLNX,"Xilinx, Inc.",10
GRMN,Garmin Ltd.,10
ALKS,Alkermes plc,10
JAZZ,Jazz Pharmaceuticals plc,10
TRIP,"TripAdvisor, Inc.",10
ASX,"Advanced Semiconductor Engineering, Inc.",10
ALU,Alcatel Lucent,10
AWK,American Water Works,10
NLY,Annaly Capital Management Inc,10
ALV,"Autoliv, Inc.",10
BCH,Banco De Chile,10
CMS,CMS Energy Corporation,10
CNA,CNA Financial Corporation,10
CNHI,CNH Industrial N.V.,10
COH,"Coach, Inc.",10
CCE,"Coca-Cola Enterprises, Inc.",10
EMN,Eastman Chemical Company,10
ECA,Encana Corporation,10
EFX,"Equifax, Inc.",10
IRE,Governor and Company of the Bank of Ireland (The),10
HSP,Hospira Inc,10
SJM,J.M. Smucker Company (The),10
JNPR,"Juniper Networks, Inc.",10
LLL,"L-3 Communications Holdings, Inc.",10
MGM,MGM Resorts International,10
NWL,Newell Rubbermaid Inc.,10
PLL,Pall Corporation,10
POL,PolyOne Corporation,10
DGX,Quest Diagnostics Incorporated,10
RGP,Regency Energy Partners LP,10
SNI,"Scripps Networks Interactive, Inc",10
NOW,"ServiceNow, Inc.",10
SSLT,Sesa Sterlite Limited,10
SJR,Shaw Communications Inc.,10
SWN,Southwestern Energy Company,10
SWH,"Stanley Black & Decker, Inc.",10
TSO,Tesoro Corporation,10
TSU,TIM Participacoes S.A.,10
TDG,Transdigm Group Incorporated,10
UHS,"Universal Health Services, Inc.",10
WYN,Wyndham Worldwide Corp,10
WFT,Weatherford International plc,9
CTXS,"Citrix Systems, Inc.",9
MXIM,"Maxim Integrated Products, Inc.",9
JBHT,"J.B. Hunt Transport Services, Inc.",9
VCSH,Vanguard Short-Term Corporate Bond ETF,9
MAT,"Mattel, Inc.",9
CTAS,Cintas Corporation,9
MCHP,Microchip Technology Incorporated,9
NWSA,News Corporation,9
ALLY,Ally Financial Inc.,9
APO,"Apollo Global Management, LLC",9
BSAC,Banco Santander Chile,9
BPL,Buckeye Partners L.P.,9
CAM,Cameron International Corporation,9
CNP,"CenterPoint Energy, Inc.",9
XEC,Cimarex Energy Co,9
DHI,"D.R. Horton, Inc.",9
DLR,"Digital Realty Trust, Inc.",9
FRT,Federal Realty Investment Trust,9
FNF,"Fidelity National Financial, Inc.",9
FTI,"FMC Technologies, Inc.",9
FSL,"Freescale Semiconductor, Ltd.",9
HRB,"H&R Block, Inc.",9
HAR,"Harman International Industries, Incorporated",9
HTZ,"Hertz Global Holdings, Inc",9
IHG,Intercontinental Hotels Group,9
ICL,Israel Chemicals Shs,9
LH,Laboratory Corporation of America Holdings,9
LEN,Lennar Corporation,9
MKL,Markel Corporation,9
MAS,Masco Corporation,9
MKC,"McCormick & Company, Incorporated",9
MBT,Mobile TeleSystems OJSC,9
OKE,"ONEOK, Inc.",9
PANW,"Palo Alto Networks, Inc.",9
PII,Polaris Industries Inc.,9
PVH,PVH Corp.,9
RKT,Rock-Tenn Company,9
SCG,Scana Corporation,9
SIG,Signet Jewelers Limited,9
SXL,Sunoco Logistics Partners LP,9
VAR,"Varian Medical Systems, Inc.",9
VOYA,"Voya Financial, Inc.",9
VMC,Vulcan Materials Company,9
WAT,Waters Corporation,9
WES,"Western Gas Partners, LP",9
WU,Western Union Company (The),9
XL,XL Group plc,9
YPF,YPF Sociedad Anonima,9
SLXP,"Salix Pharmaceuticals, Ltd.",8
NCLH,Norwegian Cruise Line Holdings Ltd.,8
AGNCB,American Capital Agency Corp.,8
LULU,lululemon athletica inc.,8
NWS,News Corporation,8
ARCP,"American Realty Capital Properties, Inc.",8
NAVI,Navient Corporation,8
ULTA,"Ulta Salon, Cosmetics & Fragrance, Inc.",8
CG,The Carlyle Group L.P.,8
HOLX,"Hologic, Inc.",8
EXPD,"Expeditors International of Washington, Inc.",8
CINF,Cincinnati Financial Corporation,8
HBAN,Huntington Bancshares Incorporated,8
PETM,"PetSmart, Inc",8
VIP,VimpelCom Ltd.,8
FFIV,"F5 Networks, Inc.",8
MRVL,Marvell Technology Group Ltd.,8
LKQ,LKQ Corporation,8
MMM,3M Company,8
AER,Aercap Holdings N.V.,8
ARG,"Airgas, Inc.",8
ALK,"Alaska Air Group, Inc.",8
ASH,Ashland Inc.,8
BLL,Ball Corporation,8
CPN,Calpine Corporation,8
CE,Celanese Corporation,8
CIT,CIT Group Inc (DEL),8
CBD,Companhia Brasileira de Distribuicao,8
CSC,Computer Sciences Corporation,8
RDY,Dr. Reddy&#39;s Laboratories Ltd,8
ENR,"Energizer Holdings, Inc.",8
DEG,Etablissements Delhaize Freres et Cie &quot;Le Lion&quot; S.A.,8
FDO,"Family Dollar Stores, Inc.",8
FLS,Flowserve Corporation,8
FLR,Fluor Corporation,8
FNV,Franco-Nevada Corporation,8
AVAL,Grupo Aval Acciones y Valores S.A.,8
H,Hyatt Hotels Corporation,8
IHS,IHS Inc.,8
IMS,"IMS Health Holdings, Inc.",8
IFF,"Internationa Flavors & Fragrances, Inc.",8
IPG,"Interpublic Group of Companies, Inc. (The)",8
LEA,Lear Corporation,8
LUK,Leucadia National Corporation,8
MWV,Meadwestvaco Corporation,8
MTD,"Mettler-Toledo International, Inc.",8
MBLY,Mobileye N.V.,8
MUR,Murphy Oil Corporation,8
NRG,"NRG Energy, Inc.",8
OAK,"Oaktree Capital Group, LLC",8
RRC,Range Resources Corporation,8
RMD,ResMed Inc.,8
RHI,Robert Half International Inc.,8
SEE,Sealed Air Corporation,8
SLW,Silver Wheaton Corp,8
TCK,Teck Resources Ltd,8
AES,The AES Corporation,8
THO,"Thor Industries, Inc.",8
TW,Towers Watson & Co,8
UDR,"United Dominion Realty Trust, Inc.",8
URI,"United Rentals, Inc.",8
UNM,Unum Group,8
WAB,Westinghouse Air Brake Technologies Corporation,8
WLK,Westlake Chemical Corporation,8
VAL,Valspar Corporation (The),7
NDAQ,"The NASDAQ OMX Group, Inc.",7
MDVN,"Medivation, Inc.",7
ACGL,Arch Capital Group Ltd.,7
GOLD,Randgold Resources Limited,7
AGNC,American Capital Agency Corp.,7
ANSS,"ANSYS, Inc.",7
ISIS,"Isis Pharmaceuticals, Inc.",7
DOX,Amdocs Limited,7
IDXX,"IDEXX Laboratories, Inc.",7
FTR,Frontier Communications Corporation,7
ALNY,"Alnylam Pharmaceuticals, Inc.",7
CDK,"CDK Global, Inc.",7
XRAY,DENTSPLY International Inc.,7
ETFC,E*TRADE Financial Corporation,7
IBB,iShares Nasdaq Biotechnology Index Fund,7
HAS,"Hasbro, Inc.",7
AEM,Agnico Eagle Mines Limited,7
Y,Alleghany Corporation,7
LNT,Alliant Energy Corporation,7
ARMK,Aramark,7
AJG,Arthur J. Gallagher & Co.,7
AN,"AutoNation, Inc.",7
CNCO,Cencosud S.A.,7
CHL,China Mobile (Hong Kong) Ltd.,7
CMA,Comerica Incorporated,7
CNX,CONSOL Energy Inc.,7
COO,"Cooper Companies, Inc. (The)",7
DRI,"Darden Restaurants, Inc.",7
DDR,DDR Corp.,7
DRE,Duke Realty Corporation,7
ENBL,"Enable Midstream Partners, LP",7
ENLK,"EnLink Midstream Partners, LP",7
ESV,ENSCO plc,7
RE,"Everest Re Group, Ltd.",7
EXR,Extra Space Storage Inc,7
FRC,FIRST REPUBLIC BANK,7
FMC,FMC Corporation,7
FL,"Foot Locker, Inc.",7
FBHS,"Fortune Brands Home & Security, Inc.",7
GCI,"Gannett Co., Inc.",7
IT,"Gartner, Inc.",7
GIL,"Gildan Activewear, Inc.",7
HRS,Harris Corporation,7
HP,"Helmerich & Payne, Inc.",7
HFC,HollyFrontier Corporation,7
IRM,Iron Mountain Incorporated,7
JLL,Jones Lang LaSalle Incorporated,7
KT,KT Corporation,7
LC,LendingClub Corporation,7
MLM,"Martin Marietta Materials, Inc.",7
N,Netsuite Inc,7
NYCB,"New York Community Bancorp, Inc.",7
OGE,OGE Energy Corporation,7
OCR,"Omnicare, Inc.",7
PKG,Packaging Corporation of America,7
PNW,Pinnacle West Capital Corporation,7
PCL,"Plum Creek Timber Company, Inc.",7
PHM,"PulteGroup, Inc.",7
QIHU,Qihoo 360 Technology Co. Ltd.,7
Q,Quintiles Transitional Holdings Inc.,7
RJF,"Raymond James Financial, Inc.",7
ENL,Reed Elsevier NV,7
QSR,Restaurant Brands International Inc.,7
RAD,Rite Aid Corporation,7
SNA,Snap-On Incorporated,7
STM,STMicroelectronics N.V.,7
TLM,Talisman Energy Inc.,7
TARO,Taro Pharmaceutical Industries Ltd.,7
TDC,Teradata Corporation,7
WPC,W.P. Carey Inc.,7
WSM,"Williams-Sonoma, Inc.",7
WSH,Willis Group Holdings Limited,7
VRSN,"VeriSign, Inc.",6
OTEX,Open Text Corporation,6
PPC,Pilgrim&#39;s Pride Corporation,6
SEIC,SEI Investments Company,6
GPRO,"GoPro, Inc.",6
SNPS,"Synopsys, Inc.",6
GT,The Goodyear Tire & Rubber Company,6
UTHR,United Therapeutics Corporation,6
SPLK,Splunk Inc.,6
FLEX,Flextronics International Ltd.,6
CTRP,"Ctrip.com International, Ltd.",6
ACWI,iShares MSCI ACWI Index Fund,6
BEAV,"B/E Aerospace, Inc.",6
CAR,"Avis Budget Group, Inc.",6
TRMB,Trimble Navigation Limited,6
ODFL,"Old Dominion Freight Line, Inc.",6
LAMR,Lamar Advertising Company,6
CSGP,"CoStar Group, Inc.",6
SBNY,Signature Bank,6
CDW,CDW Corporation,6
SIVB,SVB Financial Group,6
AYI,Acuity Brands Inc,6
ADT,ADT Corporation,6
GAS,"AGL Resources, Inc.",6
ARE,"Alexandria Real Estate Equities, Inc.",6
ACH,Aluminum Corporation of China Limited,6
AIV,Apartment Investment and Management Company,6
CIB,BanColombia S.A.,6
BRX,Brixmor Property Group Inc.,6
BKD,Brookdale Senior Living Inc.,6
BIP,Brookfield Infrastructure Partners LP,6
BPY,Brookfield Property Partners L.P.,6
CPT,Camden Property Trust,6
CCJ,Cameco Corporation,6
CNC,Centene Corporation,6
CFX,Colfax Corporation,6
COTY,Coty Inc.,6
CVD,Covance Inc.,6
CPL,CPFL Energia S.A.,6
CCK,"Crown Holdings, Inc.",6
DKS,Dick&#39;s Sporting Goods Inc,6
DRC,Dresser-Rand Group Inc.,6
ETX           ,Eaton Vance Municipal Income 2028 Term Trust,6
ERJ,Embraer-Empresa Brasileira de Aeronautica,6
EVHC,"Envision Healthcare Holdings, Inc.",6
FDS,FactSet Research Systems Inc.,6
FBR,Fibria Celulose S.A.,6
GGB,Gerdau S.A.,6
GPN,Global Payments Inc.,6
TEG,Integrys Energy Group,6
ITC,ITC Holdings Corp.,6
KRC,Kilroy Realty Corporation,6
LM,"Legg Mason, Inc.",6
MD,"Mednax, Inc",6
MSCI,MSCI Inc,6
ORA,"Ormat Technologies, Inc.",6
POM,"PEPCO Holdings, Inc.",6
PBYI,Puma Biotechnology Inc,6
PWR,"Quanta Services, Inc.",6
RAX,"Rackspace Hosting, Inc",6
RLGY,Realogy Holdings Corp.,6
REG,Regency Centers Corporation,6
RPM,RPM International Inc.,6
SBR,Sabine Royalty Trust,6
SC,Santander Consumer USA Holdings Inc.,6
SDRL,Seadrill Limited,6
SQM,Sociedad Quimica y Minera S.A.,6
SPR,"Spirit Aerosystems Holdings, Inc.",6
TOL,Toll Brothers Inc.,6
TMK,Torchmark Corporation,6
TSS,"Total System Services, Inc.",6
RIG,Transocean Ltd.,6
TRQ,Turquoise Hill Resources Ltd.,6
UGI,UGI Corporation,6
UMC,United Microelectronics Corporation,6
VNTV,"Vantiv, Inc.",6
WRB,W.R. Berkley Corporation,6
GRA,W.R. Grace & Co.,6
XYL,Xylem Inc.,6
ZAYO,"Zayo Group Holdings, Inc.",6
ODP,"Office Depot, Inc.",5
UHAL,Amerco,5
MELI,"MercadoLibre, Inc.",5
HDS,"HD Supply Holdings, Inc.",5
SFM,"Sprouts Farmers Market, Inc.",5
SABR,Sabre Corporation,5
MIDD,The Middleby Corporation,5
COMM,"CommScope Holding Company, Inc.",5
LECO,"Lincoln Electric Holdings, Inc.",5
EWBC,"East West Bancorp, Inc.",5
MIK,"The Michaels Companies, Inc.",5
SPIL,"Siliconware Precision Industries Company, Ltd.",5
SAVE,"Spirit Airlines, Inc.",5
CBOE,"CBOE Holdings, Inc.",5
IACI,IAC/InterActiveCorp,5
LVNTA,Liberty Interactive Corporation,5
QGEN,Qiagen N.V.,5
CDNS,"Cadence Design Systems, Inc.",5
ATHN,"athenahealth, Inc.",5
ARCC,Ares Capital Corporation,5
FEYE,"FireEye, Inc.",5
FOSL,"Fossil Group, Inc.",5
BBRY,BlackBerry Limited,5
LVNTB,Liberty Interactive Corporation,5
PDCO,"Patterson Companies, Inc.",5
SCTY,SolarCity Corporation,5
JKHY,"Jack Henry & Associates, Inc.",5
WIN,"Windstream Holdings, Inc.",5
ZION,Zions Bancorporation,5
SIRO,"Sirona Dental Systems, Inc.",5
GNTX,Gentex Corporation,5
FTNT,"Fortinet, Inc.",5
BRCD,"Brocade Communications Systems, Inc.",5
ALLE,Allegion plc,5
ALSN,"Allison Transmission Holdings, Inc.",5
AMFW,Amec Plc Ord,5
AFG,"American Financial Group, Inc.",5
AU,AngloGold Ashanti Limited,5
AR,Antero Resources Corporation,5
ARW,"Arrow Electronics, Inc.",5
ATO,Atmos Energy Corporation,5
AUO,AU Optronics Corp,5
AVT,"Avnet, Inc.",5
AXTA,Axalta Coating Systems Ltd.,5
AXS,Axis Capital Holdings Limited,5
BC,Brunswick Corporation,5
CVC,Cablevision Systems Corporation,5
CSL,Carlisle Companies Incorporated,5
CEA,China Eastern Airlines Corporation Ltd.,5
CYH,"Community Health Systems, Inc.",5
CIG,Comp En De Mn Cemig ADS,5
DPZ,Domino&#39;s Pizza Inc,5
DCI,"Donaldson Company, Inc.",5
ENLC,"EnLink Midstream, LLC",5
EQM,"EQT Midstream Partners, LP",5
GHC,Graham Holdings Company,5
HCC,"HCC Insurance Holdings, Inc.",5
HHC,Howard Hughes Corporation (The),5
HII,"Huntington Ingalls Industries, Inc.",5
HUN,Huntsman Corporation,5
IEX,IDEX Corporation,5
INGR,Ingredion Incorporated,5
JEC,Jacobs Engineering Group Inc.,5
KEYS,Keysight Technologies Inc.,5
LFL,LATAM Airlines Group S.A.,5
LAZ,Lazard Ltd.,5
LEG,"Leggett & Platt, Incorporated",5
LPT,Liberty Property Trust,5
MIC,Macquarie Infrastructure Company LLC,5
MAN,ManpowerGroup,5
MHG,Marine Harvest ASA,5
MAA,"Mid-America Apartment Communities, Inc.",5
NBG,National Bank of Greece SA,5
NFG,National Fuel Gas Company,5
NNN,National Retail Properties,5
NEU,NewMarket Corporation,5
OII,"Oceaneering International, Inc.",5
OZM,Och-Ziff Capital Management Group LLC,5
OHI,"Omega Healthcare Investors, Inc.",5
OPK,Opko Health Inc,5
PRE,PartnerRe Ltd.,5
PKI,"PerkinElmer, Inc.",5
PSXP,Phillips 66 Partners LP,5
PAGP,"Plains Group Holdings, L.P.",5
RGA,"Reinsurance Group of America, Incorporated",5
SHLX,"Shell Midstream Partners, L.P.",5
AOS,Smith (A.O.) Corporation,5
SRC,"Spirit Realty Capital, Inc.",5
STWD,"STARWOOD PROPERTY TRUST, INC.",5
SUNE,"SunEdison, Inc.",5
DATA,"Tableau Software, Inc.",5
NGLS,Targa Resources Partners LP,5
TCO,"Taubman Centers, Inc.",5
TE,"TECO Energy, Inc.",5
TRCO,Tribune Media Company,5
VET,Vermilion Energy Inc.,5
WBC,Wabco Holdings Inc.,5
WCN,"Waste Connections, Inc.",5
WR,"Westar Energy, Inc.",5
WWAV,Whitewave Foods Company (The),5
WF,Woori Bank,5
KYN,Kayne Anderson MLP Investment Company,4
NPSP,"NPS Pharmaceuticals, Inc.",4
SSNC,"SS&C Technologies Holdings, Inc.",4
GRPN,"Groupon, Inc.",4
HCBK,"Hudson City Bancorp, Inc.",4
YNDX,Yandex N.V.,4
MSG,The Madison Square Garden Company,4
AMCX,AMC Networks Inc.,4
MRKT,Markit Ltd.,4
DNKN,"Dunkin&#39; Brands Group, Inc.",4
FSLR,"First Solar, Inc.",4
CPRT,"Copart, Inc.",4
URBN,"Urban Outfitters, Inc.",4
AKRX,"Akorn, Inc.",4
JBLU,JetBlue Airways Corporation,4
DXCM,"DexCom, Inc.",4
NDSN,Nordson Corporation,4
PACW,PacWest Bancorp,4
PNRA,Panera Bread Company,4
RGLD,"Royal Gold, Inc.",4
INFA,Informatica Corporation,4
MEOH,Methanex Corporation,4
NUAN,"Nuance Communications, Inc.",4
FLIR,"FLIR Systems, Inc.",4
PBCT,"People&#39;s United Financial, Inc.",4
ONNN,ON Semiconductor Corporation,4
WOOF,VCA Inc. ,4
ZBRA,Zebra Technologies Corporation,4
ALGN,"Align Technology, Inc.",4
STLD,"Steel Dynamics, Inc.",4
ULTI,"The Ultimate Software Group, Inc.",4
CBSH,"Commerce Bancshares, Inc.",4
TFSL,TFS Financial Corporation,4
LPLA,LPL Financial Holdings Inc.,4
ERIE,Erie Indemnity Company,4
ISBC,"Investors Bancorp, Inc.",4
WEN,Wendy&#39;s Company (The),4
VCIT,Vanguard Intermediate-Term Corporate Bond Index Fund,4
FANG,"Diamondback Energy, Inc.",4
LBRDA,Liberty Broadband Corporation,4
LBRDK,Liberty Broadband Corporation,4
HSNI,"HSN, Inc.",4
CREE,"Cree, Inc.",4
ICPT,"Intercept Pharmaceuticals, Inc.",4
IPGP,IPG Photonics Corporation,4
AGIO,"Agios Pharmaceuticals, Inc.",4
BOKF,BOK Financial Corporation,4
UNFI,"United Natural Foods, Inc.",4
AVK,Advent Claymore Convertible Securities and Income Fund,4
ACM,AECOM,4
AGCO,AGCO Corporation,4
ATK,Alliant Techsystems Inc.,4
ACC,American Campus Communities Inc,4
APU,"AmeriGas Partners, L.P.",4
ATR,"AptarGroup, Inc.",4
WTR,"Aqua America, Inc.",4
ARES,Ares Management L.P.,4
ANET,"Arista Networks, Inc.",4
AIZ,"Assurant, Inc.",4
AGO,Assured Guaranty Ltd.,4
AVY,Avery Dennison Corporation,4
BMS,"Bemis Company, Inc.",4
BMR,Biomed Realty Trust,4
BAH,Booz Allen Hamilton Holding Corporation,4
SAM,"Boston Beer Company, Inc. (The)",4
BERY,BPC Acquisition Corp,4
BEP,Brookfield Renewable Powerr Fund,4
BRO,"Brown & Brown, Inc.",4
CRI,"Carter&#39;s, Inc.",4
CBI,Chicago Bridge & Iron Company N.V.,4
ZNH,China Southern Airlines Company Limited,4
CNK,Cinemark Holdings Inc,4
CYN,City National Corporation,4
CPA,"Copa Holdings, S.A.",4
CLB,Core Laboratories N.V.,4
CXW,Corrections Corporation of America,4
CUBE,CubeSmart,4
CFR,"Cullen/Frost Bankers, Inc.",4
DPM,"DCP Midstream Partners, LP",4
DO,"Diamond Offshore Drilling, Inc.",4
DDS,"Dillard&#39;s, Inc.",4
DEI,"Douglas Emmett, Inc.",4
DNB,Dun & Bradstreet Corporation (The),4
ETV,Eaton Vance Corporation,4
EV,Eaton Vance Corporation,4
EGN,Energen Corporation,4
ELS,"Equity Lifestyle Properties, Inc.",4
STAY,"Extended Stay America, Inc.",4
FLO,"Flowers Foods, Inc.",4
GME,Gamestop Corporation,4
GWR,"Genesee & Wyoming, Inc.",4
GEL,"Genesis Energy, L.P.",4
GFI,Gold Fields Limited,4
GGG,Graco Inc.,4
GPK,Graphic Packaging Holding Company,4
GXP,Great Plains Energy Inc,4
GMK,"GRUMA, S.A. de C.V.",4
HNT,Health Net Inc.,4
HEI,Heico Corporation,4
HXL,Hexcel Corporation,4
HIW,"Highwoods Properties, Inc.",4
HME,"Home Properties, Inc.",4
HPT,Hospitality Properites Trust,4
IGT,International Game Technology,4
JBL,"Jabil Circuit, Inc.",4
JHX,James Hardie Industries plc.,4
KAR,"KAR Auction Services, Inc",4
KATE,Kate Spade & Company,4
KING,King Digital Entertainment plc,4
KEX,Kirby Corporation,4
LHO,LaSalle Hotel Properties,4
LII,"Lennox International, Inc.",4
LGF,Lions Gate Entertainment Corporation,4
LYV,"Live Nation Entertainment, Inc.",4
MDU,"MDU Resources Group, Inc.",4
MSM,"MSC Industrial Direct Company, Inc.",4
NCR,NCR Corporation,4
NFX,Newfield Exploration Company,4
NE,Noble Corporation,4
NSAM,"NorthStar Asset Management Group, Inc.",4
NRF,Northstar Realty Finance Corp.,4
NYLD,"NRG Yield, Inc.",4
NS,Nustar Energy L.P.,4
OC,Owens Corning Inc,4
OI,"Owens-Illinois, Inc.",4
PAG,"Penske Automotive Group, Inc.",4
PF,"Pinnacle Foods, Inc.",4
PBI,Pitney Bowes Inc.,4
STR,Questar Corporation,4
RS,Reliance Steel & Aluminum Co.,4
RPAI,"Retail Properties of America, Inc.",4
RLJ,RLJ Lodging Trust,4
ROL,"Rollins, Inc.",4
R,"Ryder System, Inc.",4
SBH,"Sally Beauty Holdings, Inc.",4
SNH,Senior Housing Properties Trust,4
SCI,Service Corporation International,4
SIX,Six Flags Entertainment Corporation New,4
SON,Sonoco Products Company,4
SPB           ,"Spectrum Brands Holdings, Inc.",4
TRGP,"Targa Resources, Inc.",4
TFX,Teleflex Incorporated,4
THC,Tenet Healthcare Corporation,4
TER,"Teradyne, Inc.",4
TLLP,Tesoro Logistics LP,4
TRN,"Trinity Industries, Inc.",4
USG,USG Corporation,4
VVC,Vectren Corporation,4
VC,Visteon Corporation,4
WRI,Weingarten Realty Investors,4
WLL,Whiting Petroleum Corporation,4
YELP,Yelp Inc.,4
BKU,"BankUnited, Inc.",3
BDN,Brandywine Realty Trust,3
RES,"RPC, Inc.",3
LINE,"Linn Energy, LLC",3
CPHD,CEPHEID,3
PTC,PTC Inc.,3
NATI,National Instruments Corporation,3
SLM,SLM Corporation,3
AFSI,"AmTrust Financial Services, Inc.",3
SGEN,"Seattle Genetics, Inc.",3
ACAS,"American Capital, Ltd.",3
ARRS,"ARRIS Group, Inc.",3
PCRX,"Pacira Pharmaceuticals, Inc.",3
GEVA,Synageva BioPharma Corp.,3
YY,YY Inc.,3
MRD,Memorial Resource Development Corp.,3
GLPI,"Gaming and Leisure Properties, Inc.",3
JUNO,"Juno Therapeutics, Inc.",3
Z,"Zillow, Inc.",3
SYNT,"Syntel, Inc.",3
CASY,"Caseys General Stores, Inc.",3
FEIC,FEI Company,3
SAPE,Sapient Corporation,3
SHLD,Sears Holdings Corporation,3
UMPQ,Umpqua Holdings Corporation,3
ACHC,"Acadia Healthcare Company, Inc.",3
ICLR,ICON plc,3
AHGP,"Alliance Holdings GP, L.P.",3
CACC,Credit Acceptance Corporation,3
VIA,Viacom Inc.,3
ATML,Atmel Corporation,3
GPOR,Gulfport Energy Corporation,3
QUNR,Qunar Cayman Islands Limited,3
BWLD,"Buffalo Wild Wings, Inc.",3
AAXJ,iShares MSCI All Country Asia ex Japan Index Fund,3
RRD,R.R. Donnelley & Sons Company,3
RCPT,"Receptos, Inc.",3
MANH,"Manhattan Associates, Inc.",3
TECH,Bio-Techne Corp,3
JACK,Jack In The Box Inc.,3
PRXL,PAREXEL International Corporation,3
BPOP,"Popular, Inc.",3
CGNX,Cognex Corporation,3
SLGN,Silgan Holdings Inc.,3
VRNT,Verint Systems Inc.,3
AZPN,"Aspen Technology, Inc.",3
BRKR,Bruker Corporation,3
VWR,VWR Corporation,3
RVBD,"Riverbed Technology, Inc.",3
CBRL,"Cracker Barrel Old Country Store, Inc.",3
ACAD,ACADIA Pharmaceuticals Inc.,3
STRZA,Starz,3
CAVM,"Cavium, Inc.",3
CU,ISE Global Copper Index First Trust,3
BLMN,"Bloomin&#39; Brands, Inc.",3
COLM,Columbia Sportswear Company,3
LPNT,"LifePoint Hospitals, Inc.",3
MORN,"Morningstar, Inc.",3
FNFG,First Niagara Financial Group Inc.,3
VXUS,Vanguard Total International Stock ETF,3
WWD,"Woodward, Inc.",3
ALGT,Allegiant Travel Company,3
GLNG,Golar LNG Limited,3
DDD,3D Systems Corporation,3
WUBA,58.com Inc.,3
AL,Air Lease Corporation,3
ALB,Albemarle Corporation,3
ALR,Alere Inc.,3
ATI,Allegheny Technologies Incorporated,3
AWH,"Allied World Assurance Company Holdings, AG",3
AMH,American Homes 4 Rent,3
AM,Antero Midstream Partners LP,3
AOL,AOL Inc.,3
APAM,Artisan Partners Asset Management Inc.,3
ATHM,Autohome Inc.,3
AVP,"Avon Products, Inc.",3
AXLL,Axiall Corporation,3
BWC,Babcock & Wilcox Company (The),3
BTE,Baytex Energy Corp,3
BDC,Belden Inc,3
BIO,"Bio-Rad Laboratories, Inc.",3
BWP,Boardwalk Pipeline Partners L.P.,3
BAK,Braskem S.A.,3
BFAM,Bright Horizons Family Solutions Inc.,3
EAT,"Brinker International, Inc.",3
BURL,"Burlington Stores, Inc.",3
CAB,Cabela&#39;s Inc,3
CAE,CAE Inc,3
CTLT,"Catalent, Inc.",3
CBL,"CBL & Associates Properties, Inc.",3
FUN,"Cedar Fair, L.P.",3
CRL,"Charles River Laboratories International, Inc.",3
CIM,Chimera Investment Corporation,3
CHH,"Choice Hotels International, Inc.",3
CLC,CLARCOR Inc.,3
CCO,"Clear Channel Outdoor Holdings, Inc.",3
CNL,Cleco Corporation,3
CNO,"CNO Financial Group, Inc.",3
CIE,"Cobalt International Energy, Inc.",3
CXP,"Columbia Property Trust, Inc.",3
SBS,Companhia de saneamento Basico Do Estado De Sao Paulo - Sabesp,3
ELP,Companhia Paranaense de Energia (COPEL),3
CCU,"Compania Cervecerias Unidas, S.A.",3
CMP,"Compass Minerals International, Inc.",3
CLGX,"CoreLogic, Inc.",3
BCA,Corpbanca,3
CR,Crane Company,3
CST,"CST Brands, Inc.",3
CW,Curtiss-Wright Corporation,3
CVI,CVR Energy Inc.,3
CYT,Cytec Industries Inc.,3
DAN,Dana Holding Corporation,3
DLX,Deluxe Corporation,3
DNR,Denbury Resources Inc.,3
DLB,Dolby Laboratories,3
DRQ,"Dril-Quip, Inc.",3
DST,"DST Systems, Inc.",3
DSW,DSW Inc.,3
DYN,Dynegy Inc.,3
EXP,Eagle Materials Inc,3
EGO,Eldorado Gold Corporation,3
EPE,EP Energy Corporation,3
EPR,EPR Properties,3
EQC,Equity Commonwealth,3
EQY,"Equity One, Inc.",3
ESL,Esterline Technologies Corporation,3
XLS,Exelis Inc.,3
FII,"Federated Investors, Inc.",3
FNFV,"Fidelity National Financial, Inc.",3
FAF,First American Corporation (The),3
FHN,First Horizon National Corporation,3
FIG,Fortress Investment Group LLC,3
GNRC,Generac Holdlings Inc.,3
GNW,Genworth Financial Inc,3
GNC,"GNC Holdings, Inc.",3
PAC,"Grupo Aeroportuario Del Pacifico, S.A. de C.V.",3
ASR,"Grupo Aeroportuario del Sureste, S.A. de C.V.",3
GSH,Guangshen Railway Company Limited,3
GWRE,"Guidewire Software, Inc.",3
HE,"Hawaiian Electric Industries, Inc.",3
HLS,HealthSouth Corporation,3
IDA,"IDACORP, Inc.",3
XON,Intrexon Corporation,3
ITT,ITT Corporation,3
JNS,"Janus Capital Group, Inc",3
KGC,Kinross Gold Corporation,3
KOS,Kosmos Energy Ltd.,3
LDOS,"Leidos Holdings, Inc.",3
MMS,"Maximus, Inc.",3
MPW,"Medical Properties Trust, Inc.",3
MCY,Mercury General Corporation,3
MTG,MGIC Investment Corporation,3
MR,Mindray Medical International Limited,3
MPLX,MPLX LP,3
MUSA,Murphy USA Inc.,3
NBR,Nabors Industries Ltd.,3
NEP,"NextEra Energy Partners, LP",3
OILT,"Oiltanking Partners, L.P.",3
ORI,Old Republic International Corporation,3
OSK,Oshkosh Corporation,3
OUT,OUTFRONT Media Inc.,3
PGRE,"Paramount Group, Inc.",3
PEB,Pebblebrook Hotel Trust,3
PNY,"Piedmont Natural Gas Company, Inc.",3
PDM,"Piedmont Office Realty Trust, Inc.",3
PAH,Platform Specialty Products Corporation,3
POR,Portland General Electric Company,3
PPS,"Post Properties, Inc.",3
BIN,Progressive Waste Solutions Ltd.,3
PB,"Prosperity Bancshares, Inc.",3
QEP,"QEP Resources, Inc.",3
CTX,Qwest Corporation,3
RDN,Radian Group Inc.,3
RYN,Rayonier Inc.,3
RBC,Regal Beloit Corporation,3
RGC,Regal Entertainment Group,3
RNR,RenaissanceRe Holdings Ltd.,3
RH,Restoration Hardware Holdings Inc.,3
SMG,Scotts Miracle-Gro Company (The),3
SEMG,Semgroup Corporation,3
SMI,Semiconductor  Manufacturing International Corporation,3
SXT,Sensient Technologies Corporation,3
SERV,"ServiceMaster Global Holdings, Inc.",3
SHI,"SINOPEC Shangai Petrochemical Company, Ltd.",3
SKX,"Skechers U.S.A., Inc.",3
SM,SM Energy Company,3
SWI,"Solarwinds, Inc.",3
SLH,"Solera Holdings, Inc.",3
BID,Sotheby&#39;s,3
SSS,"Sovran Self Storage, Inc.",3
SPE,Special Opportunities Fund Inc.,3
LEAF,"Springleaf Holdings, Inc.",3
STE,STERIS Corporation,3
SF,Stifel Financial Corporation,3
BEE,Strategic Hotels & Resorts Inc,3
SUI,"Sun Communities, Inc.",3
SHO,"Sunstone Hotel Investors, Inc.",3
SPN,"Superior Energy Services, Inc.",3
SWFT,Swift Transportation Company,3
SNX,Synnex Corporation,3
SNV,Synovus Financial Corp.,3
SKT,"Tanger Factory Outlet Centers, Inc.",3
TMH,"Team Health Holdings, Inc.",3
TK,Teekay Corporation,3
TEO,Telecom Argentina Stet - France Telecom S.A.,3
TDY,Teledyne Technologies Incorporated,3
TPX,"Tempur Sealy International, Inc.",3
TEN,Tenneco Inc.,3
TX,Ternium S.A.,3
THG,"The Hanover Insurance Group, Inc.",3
TWC,Time Warner Cable Inc,3
TKR,Timken Company (The),3
TTC,Toro Company (The),3
TA,TravelCenters of America LLC,3
THS,"Treehouse Foods, Inc.",3
TUP,Tupperware Brands Corporation,3
TWO,Two Harbors Investments Corp,3
TYL,"Tyler Technologies, Inc.",3
MTN,"Vail Resorts, Inc.",3
VR,"Validus Holdings, Ltd.",3
VMI,"Valmont Industries, Inc.",3
VEEV,Veeva Systems Inc.,3
PAY,"Verifone Systems, Inc.",3
WDR,"Waddell & Reed Financial, Inc.",3
WSO,"Watsco, Inc.",3
WCG,"WellCare Health Plans, Inc.",3
WCC,"WESCO International, Inc.",3
WST,"West Pharmaceutical Services, Inc.",3
WNR,"Western Refining, Inc.",3
WEX,WEX Inc.,3
WTM,"White Mountains Insurance Group, Ltd.",3
INT,World Fuel Services Corporation,3
AUY,Yamana Gold Inc.,3
YZC,Yanzhou Coal Mining Company Limited,3
YOKU,Youku Tudou Inc.,3
CVLT,"CommVault Systems, Inc.",2
MFRM,Mattress Firm Holding Corp.,2
CSTM,Constellium N.V.,2
EXH,"Exterran Holdings, Inc.",2
VSH,"Vishay Intertechnology, Inc.",2
LSTR,"Landstar System, Inc.",2
NICE,NICE-Systems Limited,2
PSEC,Prospect Capital Corporation,2
STRZB,Starz,2
SYNA,Synaptics Incorporated,2
SSYS,"Stratasys, Ltd.",2
APOL,"Apollo Education Group, Inc.",2
JDSU,JDS Uniphase Corporation,2
FMER,FirstMerit Corporation,2
HMHC,Houghton Mifflin Harcourt Company,2
IDTI,"Integrated Device Technology, Inc.",2
ARLP,"Alliance Resource Partners, L.P.",2
MKTX,"MarketAxess Holdings, Inc.",2
ANAT,American National Insurance Company,2
WSTC,West Corporation,2
JCOM,"j2 Global, Inc.",2
MSCC,Microsemi Corporation,2
KITE,"Kite Pharma, Inc.",2
MYGN,"Myriad Genetics, Inc.",2
POOL,Pool Corporation,2
MENT,Mentor Graphics Corporation,2
ESLT,Elbit Systems Ltd.,2
IPXL,"Impax Laboratories, Inc.",2
VSAT,"ViaSat, Inc.",2
ASMI,ASM International N.V.,2
PTEN,"Patterson-UTI Energy, Inc.",2
OZRK,Bank of the Ozarks,2
ABGB,"Abengoa, S.A.",2
AMSG,Amsurg Corp.,2
ABY,Abengoa Yield plc,2
MNKD,MannKind Corporation,2
PRAA,"PRA Group, Inc.",2
ESGR,Enstar Group Limited,2
LANC,Lancaster Colony Corporation,2
CMPR,Cimpress N.V,2
QLIK,Qlik Technologies Inc.,2
CAKE,The Cheesecake Factory Incorporated,2
PSMT,"PriceSmart, Inc.",2
PZZA,"Papa John&#39;S International, Inc.",2
PVTB,"PrivateBancorp, Inc.",2
BLUE,"bluebird bio, Inc.",2
NBIX,"Neurocrine Biosciences, Inc.",2
TTWO,"Take-Two Interactive Software, Inc.",2
AWAY,"HomeAway, Inc.",2
EEFT,"Euronet Worldwide, Inc.",2
UBSI,"United Bankshares, Inc.",2
MWIV,"MWI Veterinary Supply, Inc.",2
SINA,Sina Corporation,2
SBGI,"Sinclair Broadcast Group, Inc.",2
UBNT,"Ubiquiti Networks, Inc.",2
WETF,"WisdomTree Investments, Inc.",2
CNV,Cnova N.V.,2
MDSO,"Medidata Solutions, Inc.",2
ZU,"zulily, inc.",2
LOGI,Logitech International S.A.,2
FCNCA,"First Citizens BancShares, Inc.",2
HBHC,Hancock Holding Company,2
SUSQ,"Susquehanna Bancshares, Inc.",2
CBSHP,"Commerce Bancshares, Inc.",2
CRTO,Criteo S.A.,2
SATS,EchoStar Corporation,2
EXAS,EXACT Sciences Corporation,2
CY,Cypress Semiconductor Corporation,2
TXRH,"Texas Roadhouse, Inc.",2
ZNGA,Zynga Inc.,2
UMBF,UMB Financial Corporation,2
FDML,Federal-Mogul Holdings Corporation,2
ADVS,"Advent Software, Inc.",2
GIII,"G-III Apparel Group, LTD.",2
LFUS,"Littelfuse, Inc.",2
SHOO,"Steven Madden, Ltd.",2
EIGI,"Endurance International Group Holdings, Inc.",2
HCSG,"Healthcare Services Group, Inc.",2
LORL,"Loral Space and Communications, Inc.",2
MBFI,MB Financial Inc.,2
CRZO,"Carrizo Oil & Gas, Inc.",2
CENX,Century Aluminum Company,2
VNQI,Vanguard Global ex-U.S. Real Estate ETF,2
ACIW,"ACI Worldwide, Inc.",2
TRAK,"Dealertrack Technologies, Inc.",2
GGAL,Grupo Financiero Galicia S.A.,2
ROVI,Rovi Corporation,2
TECD,Tech Data Corporation,2
CLVS,"Clovis Oncology, Inc.",2
CSTE,CaesarStone Sdot-Yam Ltd.,2
HTLD,"Heartland Express, Inc.",2
SOHU,Sohu.com Inc.,2
ABMD,"ABIOMED, Inc.",2
HELE,Helen of Troy Limited,2
MDRX,"Allscripts Healthcare Solutions, Inc.",2
FULT,Fulton Financial Corporation,2
LNCE,"Snyder&#39;s-Lance, Inc.",2
AMD,"Advanced Micro Devices, Inc.",2
CSRE,CSR plc,2
NUVA,"NuVasive, Inc.",2
IRWD,"Ironwood Pharmaceuticals, Inc.",2
LOPE,"Grand Canyon Education, Inc.",2
WTFC,Wintrust Financial Corporation,2
IGTE,iGATE Corporation,2
JOBS,"51job, Inc.",2
WERN,"Werner Enterprises, Inc.",2
BLKB,"Blackbaud, Inc.",2
HOMB,"Home BancShares, Inc.",2
INFN,Infinera Corporation,2
MLNX,"Mellanox Technologies, Ltd.",2
WAFD,"Washington Federal, Inc.",2
CATY,Cathay General Bancorp,2
DYAX,Dyax Corp.,2
TSRA,"Tessera Technologies, Inc.",2
THOR,Thoratec Corporation,2
AAN,"Aaron&#39;s,  Inc.",2
SGF,"Aberdeen Singapore Fund, Inc.",2
AKR,Acadia Realty Trust,2
ATE,Advantest Corporation (Kabushiki Kaisha Advantest) ADS,2
ALX,"Alexander&#39;s, Inc.",2
ALE,"Allete, Inc.",2
AB,Allianceberstein Holding L.P.,2
AMC,"AMC Entertainment Holdings, Inc.",2
AEO,"American Eagle Outfitters, Inc.",2
AEL,American Equity Investment Life Holding Company,2
AXE,Anixter International Inc.,2
AWI,Armstrong World Industries Inc,2
AHL,Aspen Insurance Holdings Limited,2
ASB,Associated Banc-Corp,2
APL,"Atlas Pipeline Partners, L.P.",2
AVA,Avista Corporation,2
AVX,AVX Corporation,2
BXS,"BancorpSouth, Inc.",2
BOH,Bank of Hawaii Corporation,2
BFR,BBVA Banco Frances S.A.,2
BIG,"Big Lots, Inc.",2
BITA,Bitauto Holdings Limited,2
BKH,Black Hills Corporation,2
BOX,"Box, Inc.",2
BRS,Bristow Group Inc,2
BRP,Brookfield Residential Properties Inc.,2
BKE,"Buckle, Inc. (The)",2
BVN,Buenaventura Mining Company Inc.,2
CBT,Cabot Corporation,2
CACI,"CACI International, Inc.",2
CRC,California Resources Corporation,2
CRS,Carpenter Technology Corporation,2
EBR,Centrais Electricas Brasileiras SA,2
CSG,Chambers Street Properties,2
CMCM,Cheetah Mobile Inc.,2
CHSP,Chesapeake Lodging Trust,2
CHS,"Chico&#39;s FAS, Inc.",2
CIEN,Ciena Corporation,2
CLH,"Clean Harbors, Inc.",2
UTF,"Cohen & Steers Infrastructure Fund, Inc",2
CLNY,"Colony Financial, Inc",2
CCZ,Comcast Corporation,2
CLR,"Continental Resources, Inc.",2
CVG,Convergys Corporation,2
CNW,Con-way Inc.,2
CTB,Cooper Tire & Rubber Company,2
OFC,Corporate Office Properties Trust,2
CUZ,Cousins Properties Incorporated,2
CVA,Covanta Holding Corporation,2
CVRR,"CVR Refining, LP",2
DAR,Darling Ingredients Inc.,2
DECK,Deckers Outdoor Corporation,2
DV,DeVry Education Group Inc.,2
DRII,"Diamond Resorts International, Inc.",2
DRH,Diamondrock Hospitality Company,2
DBD,"Diebold, Incorporated",2
DGI,"DigitalGlobe, Inc",2
DIN,"DineEquity, Inc",2
DM,"Dominion Midstream Partners, LP",2
UFS,Domtar Corporation,2
DNP,"Duff & Phelps Utilities Income, Inc.",2
DFT,"Dupont Fabros Technology, Inc.",2
EGP,"EastGroup Properties, Inc.",2
ETG,Eaton Vance Tax-Advantaged Global Dividend Income Fund,2
EXG,Eaton Vance Tax-Managed Global Diversified Equity Income Fund,2
EME,"EMCOR Group, Inc.",2
EEQ,Enbridge Energy Management LLC,2
ENH,Endurance Specialty Holdings Ltd,2
ERF,Enerplus Corporation,2
ENS,Enersys,2
EPAM,"EPAM Systems, Inc.",2
ESNT,Essent Group Ltd.,2
EVER,EverBank Financial Corp.,2
FNB,F.N.B. Corporation,2
FICO,Fair Isaac Corporation,2
FTT,Federated Enhanced Treasury Income Fund,2
FR,"First Industrial Realty Trust, Inc.",2
FELP,Foresight Energy LP,2
FI,Frank&#39;s International N.V.,2
FSIC,FS Investment Corporation,2
GBL,"Gamco Investors, Inc.",2
GMT,GATX Corporation,2
GZT,Gazit-Globe Ltd.,2
GMED,"Globus Medical, Inc.",2
GPI,"Group 1 Automotive, Inc.",2
GRUB,GrubHub Inc.,2
FUL,H. B. Fuller Company,2
HAE,Haemonetics Corporation,2
HYH,"Halyard Health, Inc.",2
HRG,Harbinger Group Inc,2
HR,Healthcare Realty Trust Incorporated,2
HLX,"Helix Energy Solutions Group, Inc.",2
HLF,Herbalife LTD.,2
HI,Hillenbrand Inc,2
HRC,Hill-Rom Holdings Inc,2
HNI,HNI Corporation,2
HPP,"Hudson Pacific Properties, Inc.",2
IMAX,Imax Corporation,2
IBA,"Industrias Bachoco, S.A. de C.V.",2
CMLP,"Inergy Midstream, L.P.",2
IOC,InterOil Corporation,2
JCP,"J.C. Penney Company, Inc. Holding Company",2
KS,KapStone Paper and Packaging Corporation,2
KBR,"KBR, Inc.",2
KMT,Kennametal Inc.,2
KW,Kennedy-Wilson Holdings Inc.,2
KRG,Kite Realty Group Trust,2
KNX,"Knight Transportation, Inc.",2
KNM,Konami Corporation,2
LQ,La Quinta Holdings Inc.,2
LG,"Laclede Group, Inc.",2
LXP,Lexington Realty Trust,2
LXK,"Lexmark International, Inc.",2
LTM,Life Time Fitness,2
LAD,"Lithia Motors, Inc.",2
LPX,Louisiana-Pacific Corporation,2
BMA,Macro Bank Inc.,2
MTW,"Manitowoc Company, Inc. (The)",2
VAC,Marriot Vacations Worldwide Corporation,2
MW,"Men&#39;s Wearhouse, Inc. (The)",2
MDP,Meredith Corporation,2
MFA,"MFA Financial, Inc.",2
MMT,MFS Multimarket Income Trust,2
MTX,Minerals Technologies Inc.,2
MOH,Molina Healthcare Inc,2
NHI,"National Health Investors, Inc.",2
NPK,"National Presto Industries, Inc.",2
SID,National Steel Company,2
NSM,Nationstar Mortgage Holdings Inc.,2
NAV,Navistar International Corporation,2
NNI,"Nelnet, Inc.",2
IRL,"New Ireland Fund, Inc. (The)",2
EDU,"New Oriental Education & Technology Group, Inc.",2
NYT,New York Times Company (The),2
NJR,NewJersey Resources Corporation,2
NGL,NGL ENERGY PARTNERS LP,2
NORD,"Nord Anglia Education, Inc.",2
NTL,Nortel Inversora SA,2
NTI,Northern Tier Energy LP,2
NWE,NorthWestern Corporation,2
DNOW,NOW Inc.,2
NUS,"Nu Skin Enterprises, Inc.",2
NUV,Nuveen AMT-Free Municipal Value Fund,2
OIS,"Oil States International, Inc.",2
OGS,"ONE Gas, Inc.",2
OMI,"Owens & Minor, Inc.",2
P,"Pandora Media, Inc.",2
PKY,"Parkway Properties, Inc.",2
PE,"Parsley Energy, Inc.",2
PBF,PBF Energy Inc.,2
PCI,PIMCO Dynamic Credit Income Fund,2
PLT,"Plantronics, Inc.",2
PNM,"PNM Resources, Inc. (Holding Co.)",2
PPO,Polypore International Inc,2
POST,"Post Holdings, Inc.",2
PRI,"Primerica, Inc.",2
PRA,ProAssurance Corporation,2
PSB,"PS Business Parks, Inc.",2
RXN,Rexnord Corporation,2
RICE,Rice Energy Inc.,2
RBA,Ritchie Bros. Auctioneers Incorporated,2
RLI,RLI Corp.,2
RDC,Rowan Companies plc,2
RSPP,"RSP Permian, Inc.",2
RHP,"Ryman Hospitality Properties, Inc.",2
SAIC,SCIENCE APPLICATIONS INTERNATIONAL CORPORATION,2
SSTK,"Shutterstock, Inc.",2
SBGL,Sibanye Gold Limited,2
SFUN,SouFun Holdings Limited,2
SJI,"South Jersey Industries, Inc.",2
SWX,Southwest Gas Corporation,2
CODE,Spansion Inc,2
SFG,"StanCorp Financial Group, Inc.",2
STN,Stantec Inc,2
SCS,Steelcase Inc.,2
STOR,STORE Capital Corporation,2
SPH,"Suburban Propane Partners, L.P.",2
SMLP,"Summit Midstream Partners, LP",2
SVU,SuperValu Inc.,2
SYA,Symetra Financial Corporation,2
TAHO,"Tahoe Resources, Inc.",2
XRS,TAL Education Group,2
TEP,"Tallgrass Energy Partners, LP",2
TMHC,Taylor Morrison Home Corporation,2
TCB,TCF Financial Corporation,2
TGP,Teekay LNG Partners L.P.,2
TDS,"Telephone and Data Systems, Inc.",2
TEX,Terex Corporation,2
TNH,"Terra Nitrogen Company, L.P.",2
CEB,The Corporate Executive Board Company,2
TIME,Time Inc.,2
TAC,TransAlta Corporation,2
TPH,"Tri Pointe Homes, Inc.",2
TNET,"TriNet Group, Inc.",2
TGI,"Triumph Group, Inc.",2
TROX,Tronox Limited,2
UIL,UIL Holdings Corporation,2
UPL,Ultra Petroleum Corp.,2
UNF,Unifirst Corporation,2
UE,Urban Edge Properties,2
VLP,Valero Energy Partners LP,2
VLY,Valley National Bancorp,2
VGR,Vector Group Ltd.,2
WTS,"Watts Water Technologies, Inc.",2
WBS,Webster Financial Corporation,2
WAL,Western Alliance Bancorporation,2
WGL,WGL Holdings Inc,2
WWW,"Wolverine World Wide, Inc.",2
WOR,"Worthington Industries, Inc.",2
WPG,WP Glimcher Inc.,2
WPX,"WPX Energy, Inc.",2
WX,Wuxi Pharmatech (Cayman) Inc.,2
XPO,"XPO Logistics, Inc.",2
SCSC,"ScanSource, Inc.",1
USA,Liberty All-Star Equity Fund,1
MOMO,Momo Inc.,1
MDCO,The Medicines Company,1
FNGN,"Financial Engines, Inc.",1
ISM,SLM Corporation,1
IBKC,IBERIABANK Corporation,1
ISIL,Intersil Corporation,1
FNSR,Finisar Corporation,1
ASNA,"Ascena Retail Group, Inc.",1
PFPT,"Proofpoint, Inc.",1
SNCR,"Synchronoss Technologies, Inc.",1
TCBI,"Texas Capital Bancshares, Inc.",1
ABCO,The Advisory Board Company,1
BGCP,"BGC Partners, Inc.",1
HAWK,"Blackhawk Network Holdings, Inc.",1
FSRV,FirstService Corporation,1
MKSI,"MKS Instruments, Inc.",1
SAFM,"Sanderson Farms, Inc.",1
HAWKB,"Blackhawk Network Holdings, Inc.",1
OMAB,Grupo Aeroportuario del Centro Norte S.A.B. de C.V.,1
MSTR,MicroStrategy Incorporated,1
FCS,"Fairchild Semiconductor International, Inc.",1
IART,Integra LifeSciences Holdings Corporation,1
IDCC,"InterDigital, Inc.",1
MPWR,"Monolithic Power Systems, Inc.",1
MNRO,"Monro Muffler Brake, Inc.",1
ENTG,"Entegris, Inc.",1
JJSF,J & J Snack Foods Corp.,1
LTRPB,"Liberty TripAdvisor Holdings, Inc.",1
NKTR,Nektar Therapeutics,1
SLAB,"Silicon Laboratories, Inc.",1
BNDX,Vanguard Total International Bond ETF,1
ACWX,iShares MSCI ACWI ex US Index Fund,1
PEGI,Pattern Energy Group Inc.,1
EFII,"Electronics for Imaging, Inc.",1
FIVE,"Five Below, Inc.",1
PLCM,"Polycom, Inc.",1
TFM,"The Fresh Market, Inc.",1
HZNP,Horizon Pharma plc,1
RARE,Ultragenyx Pharmaceutical Inc.,1
CLDX,"Celldex Therapeutics, Inc.",1
ASPX,"Auspex Pharmaceuticals, Inc.",1
MLHR,"Herman Miller, Inc.",1
IBKR,"Interactive Brokers Group, Inc.",1
LTRPA,"Liberty TripAdvisor Holdings, Inc.",1
NGHC,National General Holdings Corp,1
GBCI,"Glacier Bancorp, Inc.",1
PDCE,"PDC Energy, Inc.",1
SBRA,"Sabra Healthcare REIT, Inc.",1
CFFN,"Capitol Federal Financial, Inc.",1
NVAX,"Novavax, Inc.",1
PMCS,"PMC - Sierra, Inc.",1
SMTC,Semtech Corporation,1
ARUN,"Aruba Networks, Inc.",1
CSQ,Calamos Strategic Total Return Fund,1
HALO,"Halozyme Therapeutics, Inc.",1
RDUS,"Radius Health, Inc.",1
SANM,Sanmina Corporation,1
CSOD,"Cornerstone OnDemand, Inc.",1
NEOG,Neogen Corporation,1
PAAS,Pan American Silver Corp.,1
CCOI,"Cogent Communications Holdings, Inc.",1
HMSY,HMS Holdings Corp,1
SFLY,"Shutterfly, Inc.",1
AINV,Apollo Investment Corporation,1
CALM,"Cal-Maine Foods, Inc.",1
CRUS,"Cirrus Logic, Inc.",1
AMBA,"Ambarella, Inc.",1
FGEN,"FibroGen, Inc",1
HURN,Huron Consulting Group Inc.,1
ACOR,"Acorda Therapeutics, Inc.",1
CLMT,"Calumet Specialty Products Partners, L.P.",1
DORM,"Dorman Products, Inc.",1
INSY,"Insys Therapeutics, Inc.",1
MINI,"Mobile Mini, Inc.",1
AMKR,"Amkor Technology, Inc.",1
CATM,"Cardtronics, Inc.",1
POWI,"Power Integrations, Inc.",1
RCII,Rent-A-Center Inc.,1
FELE,"Franklin Electric Co., Inc.",1
ICON,"Iconix Brand Group, Inc.",1
PTCT,"PTC Therapeutics, Inc.",1
BCPC,Balchem Corporation,1
CBPO,"China Biologic Products, Inc.",1
CHDN,"Churchill Downs, Incorporated",1
FFIN,"First Financial Bankshares, Inc.",1
MGLN,"Magellan Health, Inc.",1
OPHT,Ophthotech Corporation,1
ROIC,Retail Opportunity Investments Corp.,1
PODD,Insulet Corporation,1
SMCI,"Super Micro Computer, Inc.",1
GMLP,Golar LNG Partners LP,1
SCSS,Select Comfort Corporation,1
AIRM,Air Methods Corporation,1
FRGI,"Fiesta Restaurant Group, Inc.",1
CZR,Caesars Entertainment Corporation,1
CVBF,CVB Financial Corporation,1
MGEE,MGE Energy Inc.,1
USTR,United Stationers Inc.,1
ANAC,"Anacor Pharmaceuticals, Inc.",1
COHR,"Coherent, Inc.",1
DWA,"Dreamworks Animation SKG, Inc.",1
PCH,Potlatch Corporation,1
IBOC,International Bancshares Corporation,1
SONC,Sonic Corp.,1
CMCT,CIM Commercial Trust Corporation,1
SIGI,"Selective Insurance Group, Inc.",1
MATW,Matthews International Corporation,1
NXST,"Nexstar Broadcasting Group, Inc.",1
OVTI,"OmniVision Technologies, Inc.",1
CORE,"Core-Mark Holding Company, Inc.",1
LNCO,"Linn Co, LLC",1
RP,"RealPage, Inc.",1
VNOM,Viper Energy Partners LP,1
PEGA,Pegasystems Inc.,1
CMRX,"Chimerix, Inc.",1
ONB,Old National Bancorp,1
PRAH,"PRA Health Sciences, Inc.",1
CYOU,Changyou.com Limited,1
TRUE,"TrueCar, Inc.",1
OLED,Universal Display Corporation,1
NPBC,"National Penn Bancshares, Inc.",1
NTCT,"NetScout Systems, Inc.",1
SSB,South State Corporation,1
TRMK,Trustmark Corporation,1
VA,Virgin America Inc.,1
FWRD,Forward Air Corporation,1
HOLI,"Hollysys Automation Technologies, Ltd.",1
ACXM,Acxiom Corporation,1
TTEK,"Tetra Tech, Inc.",1
CYBX,"Cyberonics, Inc.",1
GWPH,GW Pharmaceuticals Plc,1
ITRI,"Itron, Inc.",1
WBMD,WebMD Health Corp,1
SCOR,"comScore, Inc.",1
HIMX,"Himax Technologies, Inc.",1
HTWR,"Heartware International, Inc.",1
MEMP,Memorial Production Partners LP,1
ACHN,"Achillion Pharmaceuticals, Inc.",1
CSIQ,Canadian Solar Inc.,1
GAME,Shanda Games Limited,1
FCFS,"First Cash Financial Services, Inc.",1
GK,"G&K Services, Inc.",1
AGII,"Argo Group International Holdings, Ltd.",1
ISCA,International Speedway Corporation,1
MTSI,"M/A-COM Technology Solutions Holdings, Inc.",1
ROLL,RBC Bearings Incorporated,1
COLB,"Columbia Banking System, Inc.",1
MKTO,"Marketo, Inc.",1
VNR,Vanguard Natural Resources LLC,1
HTHT,"China Lodging Group, Limited",1
INCR,"INC Research Holdings, Inc.",1
MASI,Masimo Corporation,1
PLCE,"Children&#39;s Place, Inc. (The)",1
DIOD,Diodes Incorporated,1
PLXS,Plexus Corp.,1
VRTS,"Virtus Investment Partners, Inc.",1
OSIS,"OSI Systems, Inc.",1
TERP,"TerraForm Power, Inc.",1
PTLA,"Portola Pharmaceuticals, Inc.",1
TSRO,"TESARO, Inc.",1
SPNC,The Spectranetics Corporation,1
THRX,"Theravance, Inc.",1
FMI,"Foundation Medicine, Inc.",1
THRM,Gentherm Inc,1
IILG,"Interval Leisure Group, Inc.",1
PLKI,"Popeyes Louisiana Kitchen, Inc.",1
TASR,"TASER International, Inc.",1
ANDE,"The Andersons, Inc.",1
ABAX,"ABAXIS, Inc.",1
BOBE,"Bob Evans Farms, Inc.",1
CRAY,Cray Inc,1
PNFP,"Pinnacle Financial Partners, Inc.",1
CNMD,CONMED Corporation,1
EXLP,"Exterran Partners, L.P.",1
ROSE,Rosetta Resources Inc.,1
TRS,TriMas Corporation,1
BOFI,"BofI Holding, Inc.",1
RMBS,"Rambus, Inc.",1
APOG,"Apogee Enterprises, Inc.",1
IPHS,"Innophos Holdings, Inc.",1
PRGS,Progress Software Corporation,1
ATRO,Astronics Corporation,1
CCMP,Cabot Microelectronics Corporation,1
CRWN,"Crown Media Holdings, Inc.",1
GLRE,"Greenlight Reinsurance, Ltd.",1
BABY,Natus Medical Incorporated,1
SCHL,Scholastic Corporation,1
HMIN,Homeinns Hotel Group,1
VTIP,Vanguard Short-Term Inflation-Protected Securities ETF,1
HUBG,"Hub Group, Inc.",1
ICUI,"ICU Medical, Inc.",1
AAON,"AAON, Inc.",1
KALU,Kaiser Aluminum Corporation,1
SCAI,"Surgical Care Affiliates, Inc.",1
UTIW,UTi Worldwide Inc.,1
GOGO,Gogo Inc.,1
NTK,Nortek Inc.,1
FSC,Fifth Street Finance Corp.,1
MANT,ManTech International Corporation,1
QLYS,"Qualys, Inc.",1
BBEP,"BreitBurn Energy Partners, L.P.",1
PENN,"Penn National Gaming, Inc.",1
CNSL,"Consolidated Communications Holdings, Inc.",1
CTCT,"Constant Contact, Inc.",1
FMBI,"First Midwest Bancorp, Inc.",1
ORIG,Ocean Rig UDW Inc.,1
WMGI,"Wright Medical Group, Inc.",1
BECN,"Beacon Roofing Supply, Inc.",1
GSM,Globe Specialty Metals Inc.,1
TYPE,Monotype Imaging Holdings Inc.,1
RUSHA,"Rush Enterprises, Inc.",1
SWIR,"Sierra Wireless, Inc.",1
WDFC,WD-40 Company,1
XLRN,Acceleron Pharma Inc.,1
ARIA,"ARIAD Pharmaceuticals, Inc.",1
HIBB,"Hibbett Sports, Inc.",1
KANG,"iKang Healthcare Group, Inc.",1
KLIC,"Kulicke and Soffa Industries, Inc.",1
MDCA,MDC Partners Inc.,1
ZLTQ,"ZELTIQ Aesthetics, Inc.",1
CACQ,Caesars Acquisition Company,1
FWP,Forward Pharma A/S,1
NXTM,"NxStage Medical, Inc.",1
PAHC,Phibro Animal Health Corporation,1
RUSHB,"Rush Enterprises, Inc.",1
ADTN,"ADTRAN, Inc.",1
LOGM,"LogMein, Inc.",1
PINC,"Premier, Inc.",1
ENT,Global Eagle Entertainment Inc.,1
NTGR,"NETGEAR, Inc.",1
OUTR,Outerwall Inc.,1
QLGC,QLogic Corporation,1
VECO,Veeco Instruments Inc.,1
AAWW,Atlas Air Worldwide Holdings,1
FIBK,"First Interstate BancSystem, Inc.",1
OTTR,Otter Tail Corporation,1
PDLI,"PDL BioPharma, Inc.",1
DSGX,The Descartes Systems Group Inc.,1
AMBC,"Ambac Financial Group, Inc.",1
BJRI,"BJ&#39;s Restaurants, Inc.",1
PLAY,"Dave & Buster&#39;s Entertainment, Inc.",1
OMCL,"Omnicell, Inc.",1
PCTY,Paylocity Holding Corporation,1
ARII,"American Railcar Industries, Inc.",1
MDAS,"MedAssets, Inc.",1
TRNX,Tornier N.V.,1
LE,"Lands&#39; End, Inc.",1
FINL,"The Finish Line, Inc.",1
VRTU,Virtusa Corporation,1
VNET,"21Vianet Group, Inc.",1
KERX,"Keryx Biopharmaceuticals, Inc.",1
EGOV,NIC Inc.,1
NWBI,"Northwest Bancshares, Inc.",1
RLYP,"Relypsa, Inc.",1
CEMP,"Cempra, Inc.",1
ZUMZ,Zumiez Inc.,1
TIVO,TiVo Inc.,1
UCBI,"United Community Banks, Inc.",1
WABC,Westamerica Bancorporation,1
ATNI,"Atlantic Tele-Network, Inc.",1
BBCN,"BBCN Bancorp, Inc.",1
MMLP,Martin Midstream Partners L.P.,1
PRFZ,PowerShares FTSE RAFI US 1500 Small-Mid Portfolio,1
TTEC,"TeleTech Holdings, Inc.",1
FLDM,Fluidigm Corporation,1
HQY,"HealthEquity, Inc.",1
PRIM,Primoris Services Corporation,1
ONCE,"Spark Therapeutics, Inc.",1
SHLM,"A. Schulman, Inc.",1
CSII,"Cardiovascular Systems, Inc.",1
EXPO,"Exponent, Inc.",1
IIVI,II-VI Incorporated,1
LGND,Ligand Pharmaceuticals Incorporated,1
MMYT,MakeMyTrip Limited,1
RRGB,"Red Robin Gourmet Burgers, Inc.",1
NAVG,"The Navigators Group, Inc.",1
CONE,CyrusOne Inc,1
FFBC,First Financial Bancorp.,1
TILE,"Interface, Inc.",1
SAIA,"Saia, Inc.",1
ARCB,ArcBest Corporation,1
DEPO,"Depomed, Inc.",1
ESPR,"Esperion Therapeutics, Inc.",1
FIZZ,National Beverage Corp.,1
NBTB,NBT Bancorp Inc.,1
TTPH,"Tetraphase Pharmaceuticals, Inc.",1
UFPI,"Universal Forest Products, Inc.",1
EPAY,"Bottomline Technologies, Inc.",1
MTSC,MTS Systems Corporation,1
ZFGN,"Zafgen, Inc.",1
ALOG,Analogic Corporation,1
CYBR,CyberArk Software Ltd.,1
AEIS,"Advanced Energy Industries, Inc.",1
CHY,Calamos Convertible and High Income Fund,1
ECPG,Encore Capital Group Inc,1
EXLS,"ExlService Holdings, Inc.",1
GHDX,"Genomic Health, Inc.",1
OVAS,Ovascience Inc.,1
QIWI,QIWI plc,1
QSII,"Quality Systems, Inc.",1
SGMS,Scientific Games Corp,1
SNHY,Sun Hydraulics Corporation,1
SYKE,"Sykes Enterprises, Incorporated",1
UEIC,Universal Electronics Inc.,1
CPLP,Capital Product Partners L.P.,1
HA,"Hawaiian Holdings, Inc.",1
SAGE,"Sage Therapeutics, Inc.",1
SRSC,Sears Canada Inc. ,1
AIR,AAR Corp.,1
ANF,Abercrombie & Fitch Company,1
ABM,ABM Industries Incorporated,1
ATU,Actuant Corporation,1
ADX,Adams Express Company (The),1
WMS,"Advanced Drainage Systems, Inc.",1
AYR,Aircastle Limited,1
AIN,Albany International Corporation,1
ALEX,"Alexander & Baldwin Holdings, Inc.",1
AWF,Alliance World Dollar Government Fund II,1
ACG,ALLIANCEBERNSTEIN INCOME FUND INC,1
NFJ,"AllianzGI NFJ Dividend, Interest & Premium Strategy Fund",1
ALDW,"Alon USA Partners, LP",1
RESI,Altisource Residential Corporation,1
AAT,"American Assets Trust, Inc.",1
AXL,"American Axle & Manufacturing Holdings, Inc.",1
AWR,American States Water Company,1
ANN,ANN INC.,1
AIT,"Applied Industrial Technologies, Inc.",1
ARCO,Arcos Dorados Holdings Inc.,1
ARR,"ARMOUR Residential REIT, Inc.",1
ABG,Asbury Automotive Group Inc,1
AEC,Associated Estates Realty Corporation,1
AF,Astoria Financial Corporation,1
ATLS,"Atlas Energy, L.P.",1
ATW,"Atwood Oceanics, Inc.",1
AVG,AVG Technologies N.V.,1
AVIV,"Aviv REIT, Inc.",1
AVOL,Avolon Holdings Limited,1
AZZ,AZZ Incorporated,1
BGS,"B&G Foods, Inc.",1
MPV,Babson Capital Participation Investors,1
BBN,BalckRock Build America Bond Trust,1
BLX,"Banco Latinoamericano de Comercio Exterior, S.A.",1
RATE,"Bankrate, Inc.",1
BKS,"Barnes & Noble, Inc.",1
B,"Barnes Group, Inc.",1
CUDA,"Barracuda Networks, Inc.",1
BEL,Belmond Ltd.,1
BHE,"Benchmark Electronics, Inc.",1
BTZ,BlackRock Credit Allocation Income Trust,1
BDJ,Blackrock Enhanced Equity Dividend Trust,1
BTT,BlackRock Municipal Target Term Trust Inc. (The),1
BCC,"Boise Cascade, L.L.C.",1
BCEI,"Bonanza Creek Energy, Inc.",1
BYD,Boyd Gaming Corporation,1
BPT,BP Prudhoe Bay Royalty Trust,1
BRC,Brady Corporation,1
BCO,Brink&#39;s Company (The),1
BWS,"Brown Shoe Company, Inc.",1
CCC,Calgon Carbon Corporation,1
CWT,California Water  Service Group Holding,1
CMN,Cantel Medical Corp.,1
BXMT,"Capital Trust, Inc.",1
CMO,Capstead Mortgage Corporation,1
CATO,Cato Corporation (The),1
IGR,CBRE Clarion Global Real Estate Income Fund,1
CDI,CDI Corporation,1
CLS,"Celestica, Inc.",1
CGG,CGG,1
CLDT,Chatham Lodging Trust (REIT),1
CHE,Chemed Corp.,1
CHMT,Chemtura Corp.,1
CIA,"Citizens, Inc.",1
CEM,ClearBridge Energy MLP Fund Inc.,1
CLW,Clearwater Paper Corporation,1
CLF,Cliffs Natural Resources Inc.,1
CLV,Cliffs Natural Resources Inc.,1
MYCC,"ClubCorp Holdings, Inc.",1
CEO,CNOOC Limited,1
RQI,Cohen & Steers Quality Income Realty Fund Inc,1
CNS,Cohn & Steers Inc,1
CCV,Comcast Corporation,1
CMC,Commercial Metals Company,1
CBU,"Community Bank System, Inc.",1
CCM,Concord Medical Services Holdings Limited,1
CNNX,Cone Midstream Partners LP,1
CZZ,Cosan Limited,1
CMRE,Costamare Inc.,1
COUP,Coupons.com Incorporated,1
CEQP,Crestwood Equity Partners LP,1
CUB,Cubic Corporation,1
CVT,"CVENT, INC.",1
CYS,"CYS Investments, Inc.",1
DKL,"Delek Logistics Partners, L.P.",1
DK,"Delek US Holdings, Inc.",1
DWRE,"DEMANDWARE, INC.",1
DPLO,"Diplomat Pharmacy, Inc.",1
DDC,Dominion Diamond Corporation,1
DW,Drew Industries Incorporated,1
DY,"Dycom Industries, Inc.",1
SSP,E.W. Scripps Company (The),1
ETW,Eaton Vance Corporation,1
EVT,Eaton Vance Tax Advantaged Dividend Income Fund,1
ETY,Eaton Vance Tax-Managed Diversified Equity Income Fund,1
ECR,Eclipse Resources Corporation,1
EDR,Education Realty Trust Inc.,1
EJ,E-House (China) Holdings Limited,1
EE,El Paso Electric Company,1
ELLI,"Ellie Mae, Inc.",1
EMES,Emerge Energy Services LP,1
EBS,"Emergent Biosolutions, Inc.",1
EDE,Empire District Electric Company (The),1
ESRT,"Empire State Realty Trust, Inc.",1
NPO,Enpro Industries,1
ENV,"Envestnet, Inc",1
EROS,Eros International PLC,1
EURN,Euronav NV,1
EVR,Evercore Partners Inc,1
EVTC,"Evertec, Inc.",1
EXAM,"ExamWorks Group, Inc.",1
EXPR,"Express, Inc.",1
FFG,"FBL Financial Group, Inc.",1
FCH,FelCor Lodging Trust Incorporated,1
FGP,"Ferrellgas Partners, L.P.",1
FOE,Ferro Corporation,1
FGL,Fidelity and Guaranty Life,1
FBP,First BanCorp.,1
FPF,First Trust Intermediate Duration Preferred & Income Fund,1
FLTX,Fleetmatics Group PLC,1
FET,"Forum Energy Technologies, Inc.",1
FT,Franklin Universal Trust,1
FDP,"Fresh Del Monte Produce, Inc.",1
FCN,"FTI Consulting, Inc.",1
GDV,Gabelli Dividend,1
GAB,"Gabelli Equity Trust, Inc. (The)",1
GLOG,GasLog LP.,1
GY,GenCorp Inc.,1
GAM,"General American Investors, Inc.",1
GCO,Genesco Inc.,1
GEO,Geo Group Inc (The),1
GLT,Glatfelter,1
GLP,Global Partners LP,1
GOL,Gol Linhas Aereas Inteligentes S.A.,1
GOV,Government Properties Income Trust,1
GPT,Gramercy Property Trust Inc.,1
GRAM,Grana y Montero S.A.A.,1
GVA,Granite Construction Incorporated,1
GWB,"Great Western Bancorp, Inc.",1
GB,"Greatbatch, Inc.",1
GBX,"Greenbrier Companies, Inc. (The)",1
GEF,Greif Bros. Corporation,1
GES,"Guess?, Inc.",1
HMY,Harmony Gold Mining Company Limited,1
HSC,Harsco Corporation,1
HTS,Hatteras Financial Corp,1
HW,Headwaters Incorporated,1
HTA,"Healthcare Trust of America, Inc.",1
HPY,"Heartland Payment Systems, Inc.",1
HL,Hecla Mining Company,1
HT,Hersha Hospitality Trust,1
HF,"HFF, Inc.",1
HCLP,Hi-Crush Partners LP,1
HTH,Hilltop Holdings Inc.,1
HEP,"Holly Energy Partners, L.P.",1
HMN,Horace Mann Educators Corporation,1
HUBS,"HubSpot, Inc.",1
HBM,HudBay Minerals Inc,1
HY,"Hyster-Yale Materials Handling, Inc.",1
IMPV,"Imperva, Inc.",1
BLOX,Infoblox Inc.,1
HIFR,"InfraREIT, Inc.",1
IM,Ingram Micro Inc.,1
IRC,Inland Real Estate Corporation,1
NSP,"Insperity, Inc.",1
I,Intelsat S.A.,1
INXN,InterXion Holding N.V.,1
IPI,"Intrepid Potash, Inc",1
INVN,"InvenSense, Inc.",1
IVR,INVESCO MORTGAGE CAPITAL INC,1
STAR          ,iStar Financial Inc.,1
JOY,Joy Global Inc.,1
JMEI,Jumei International Holding Limited,1
KAMN,Kaman Corporation,1
KBH,KB Home,1
KCG,"KCG Holdings, Inc.",1
KMPR,Kemper Corporation,1
KND,"Kindred Healthcare, Inc.",1
KNL,"Knoll, Inc.",1
KN,Knowles Corporation,1
KFY,Korn/Ferry International,1
KKD,"Krispy Kreme Doughnuts, Inc.",1
KRO,Kronos Worldwide Inc,1
LCI,Lannett Co Inc,1
LPI,"Laredo Petroleum, Inc.",1
LZB,La-Z-Boy Incorporated,1
LEJU,Leju Holdings Limited,1
LOCK,"LifeLock, Inc.",1
LNN,Lindsay Corporation,1
LTC,"LTC Properties, Inc.",1
LL,"Lumber Liquidators Holdings, Inc",1
LXFT,"Luxoft Holding, Inc.",1
MDC,"M.D.C. Holdings, Inc.",1
CLI,Mack-Cali Realty Corporation,1
MAIN,Main Street Capital Corporation,1
MMI,"Marcus & Millichap, Inc.",1
DOOR,Masonite International Corporation,1
MTZ,"MasTec, Inc.",1
MTDR,Matador Resources Company,1
MATX,"Matson, Inc.",1
MBI,"MBIA, Inc.",1
MEG,"Media General, Inc.",1
MTH,Meritage Corporation,1
MTOR,"Meritor, Inc.",1
MPG,Metaldyne Performance Group Inc.,1
MEI,"Methode Electronics, Inc.",1
MORE          ,"Monogram Residential Trust, Inc.",1
MRH,Montpelier Re Holdings Ltd.,1
MRC,MRC Global Inc.,1
MSA,MSA Safety Incorporporated,1
MLI,"Mueller Industries, Inc.",1
MWA,MUELLER WATER PRODUCTS,1
NRP,Natural Resource Partners LP,1
NMM,Navios Maritime Partners LP,1
NCS,"NCI Building Systems, Inc.",1
NSR,"Neustar, Inc.",1
NVRO,Nevro Corp.,1
NEWR,"New Relic, Inc.",1
NRZ,New Residential Investment Corp.,1
SNR,New Senior Investment Group Inc.,1
NYRT,"New York REIT, Inc.",1
NMBL,"Nimble Storage, Inc.",1
NOAH,Noah Holdings Ltd.,1
NWN,Northwest Natural Gas Company,1
NSH,"Nustar GP Holdings, LLC",1
NEA,Nuveen AMT-Free Municipal Income Fund,1
NBD,Nuveen Build America Bond Opportunity Fund,1
JQC,Nuveen Credit Strategies Income Fund,1
NIO,"Nuveen Municipal Opportunity Fund, Inc.",1
NRK,Nuveen New York AMT-Free Municipal Income Fund,1
NPM,"Nuveen Premium Income Municipal Fund II, Inc.",1
JPS,Nuveen Quality Preferred Income Fund 2,1
OAS,Oasis Petroleum Inc.,1
OCIP,OCI Partners LP,1
OIBR,Oi S.A.,1
OLN,Olin Corporation,1
OMAM,OM Asset Management plc,1
ASGN,"On Assignment, Inc.",1
ONDK,"On Deck Capital, Inc.",1
OB,"OneBeacon Insurance Group, Ltd.",1
ORB,Orbital Sciences Corporation,1
OWW,"Orbitz Worldwide, Inc.",1
PAYC,"Paycom Software, Inc.",1
BTU,Peabody Energy Corporation,1
PGH,Pengrowth Energy Corporation,1
PWE,Penn West Petroleum Ltd,1
PEI,Pennsylvania Real Estate Investment Trust,1
PMT,PennyMac Mortgage Investment Trust,1
PZE,Petrobras Argentina S.A.,1
PHH,PHH Corp,1
PIR,"Pier 1 Imports, Inc.",1
PTY,Pimco Corporate & Income Opportunity Fund,1
PDI,PIMCO Dynamic Income Fund,1
PHK,Pimco High Income Fund,1
PNK,"Pinnacle Entertainment, Inc.",1
PTP,"Platinum Underwriters Holdings, Ltd",1
PDS,Precision Drilling Corporation,1
PBH,"Prestige Brand Holdings, Inc.",1
PRLB,"Proto Labs, Inc.",1
PFS,"Provident Financial Services, Inc",1
QTS,"QTS Realty Trust, Inc.",1
QUAD,"Quad Graphics, Inc",1
KWR,Quaker Chemical Corporation,1
RPT,Ramco-Gershenson Properties Trust,1
RWT,"Redwood Trust, Inc.",1
RFP,Resolute Forest Products Inc.,1
REV,"Revlon, Inc.",1
ROG,Rogers Corporation,1
RRMS,"Rose Rock Midstream, L.P.",1
RSE,"Rouse Properties, Inc.",1
RVT,"Royce Value Trust, Inc.",1
RYL,"Ryland Group, Inc. (The)",1
BFS,"Saul Centers, Inc.",1
SWM,"Schweitzer-Mauduit International, Inc.",1
STNG,Scorpio Tankers Inc.,1
CKH,"SEACOR Holdings, Inc.",1
SDLP,Seadrill Partners LLC,1
SSW,Seaspan Corporation,1
SEAS,"SeaWorld Entertainment, Inc.",1
SIR,Select Income REIT,1
SEM,Select Medical Holdings Corporation,1
SHAK,"Shake Shack, Inc.",1
SFL,Ship Finance International Limited,1
SSD,"Simpson Manufacturing Company, Inc.",1
SFS,Smart,1
SAH,"Sonic Automotive, Inc.",1
JOE,St. Joe Company (The),1
STAG,"Stag Industrial, Inc.",1
SPF,Standard Pacific Corp,1
STL,Sterling Bancorp,1
SFN,Stifel Financial Corporation,1
SWC,Stillwater Mining Company,1
SGL,"Strategic Global Income Fund, Inc.",1
INN,"Summit Hotel Properties, Inc.",1
SXC,"SunCoke Energy, Inc.",1
SUN,Sunoco LP,1
TAL,"TAL International Group, Inc.",1
TOO,Teekay Offshore Partners L.P.,1
TNC,Tennant Company,1
TGH,Textainer Group Holdings Limited,1
BX,The Blackstone Group L.P.,1
TPRE,Third Point Reinsurance Ltd.,1
TDW,Tidewater Inc.,1
TMST,Timken Steel Corporation,1
TR,"Tootsie Roll Industries, Inc.",1
TYG,Tortoise Energy Infrastructure Corporation,1
NTG,"Tortoise MLP Fund, Inc.",1
RIGP,Transocean Partners LLC,1
TVPT,Travelport Worldwide Limited,1
TREX,"Trex Company, Inc.",1
TY,Tri Continental Corporation,1
TRLA,"Trulia, Inc.",1
TUMI,"Tumi Holdings, Inc.",1
TPC,Tutor Perini Corporation,1
SLCA,"U.S. Silica Holdings, Inc.",1
UIS,Unisys Corporation,1
UNT,Unit Corporation,1
USM,United States Cellular Corporation,1
X,United States Steel Corporation,1
USNA,"USANA Health Sciences, Inc.",1
VHI,"Valhi, Inc.",1
VCO,Vina Concha Y Toro,1
VSI,"Vitamin Shoppe, Inc",1
WAGE,"WageWorks, Inc.",1
WRE,Washington Real Estate Investment Trust,1
W,Wayfair Inc.,1
WMK,"Weis Markets, Inc.",1
WAIR,"Wesco Aircraft Holdings, Inc.",1
WNRL,"Western Refining Logistics, LP",1
WNS,WNS (Holdings) Limited,1
WPT,"World Point Terminals, LP",1
ZEN,"Zendesk, Inc.",1
